location,date,total_count
BART,2014-06,1106
BART,2014-07,741
BART,2014-08,72
BART,2014-09,28
BART,2016-04,29.0
BART,2016-05,65.0
BART,2016-06,538
BART,2016-07,342.0
BART,2016-08,73.0
BART,2016-09,82.0
BART,2016-10,1.0
BART,2016-11,0.0
BART,2017-04,1
BART,2017-05,155.0
BART,2017-06,2767
BART,2017-07,600.0
BART,2017-08,466.0
BART,2017-09,110.0
BART,2017-10,3.0
BART,2017-11,0.0
BART,2018-05,466
BART,2018-06,1634
BART,2018-07,85.0
BART,2018-08,26.0
BART,2018-09,32
BART,2018-10,5
BART,2018-11,0.0
BART,2019-05,0.0
BART,2019-06,4299
BART,2019-07,1577
BART,2019-08,501
BART,2019-09,67
BART,2019-10,0.0
BART,2019-11,0.0
BART,2020-03,0.0
BART,2020-04,0.0
BART,2020-05,0.0
BART,2020-06,0.0
BART,2020-08,139.0
BART,2020-09,26.0
BART,2020-10,0.0
BART,2020-11,0.0
BART,2020-12,0.0
BART,2021-04,12
BART,2021-05,0.0
BART,2021-06,464
BART,2021-07,219
BART,2021-08,76.0
BART,2021-09,84.0
BART,2021-10,0.0
HARV,2014-05,328
HARV,2014-06,6591
HARV,2014-07,14400
HARV,2014-08,8058
HARV,2014-09,807
HARV,2014-10,135
HARV,2016-03,18.0
HARV,2016-04,19.0
HARV,2016-05,1449
HARV,2016-06,4919
HARV,2016-07,10268
HARV,2016-08,3783
HARV,2016-09,396.0
HARV,2016-10,28.0
HARV,2016-11,0.0
HARV,2017-03,0.0
HARV,2017-04,4
HARV,2017-05,2016.0
HARV,2017-06,4211
HARV,2017-07,5410
HARV,2017-08,3248
HARV,2017-09,753
HARV,2017-10,115.0
HARV,2017-11,1
HARV,2018-04,0.0
HARV,2018-05,1808
HARV,2018-06,4972
HARV,2018-07,6442
HARV,2018-08,2115
HARV,2018-09,2062
HARV,2018-10,144.0
HARV,2018-11,33
HARV,2019-03,0.0
HARV,2019-04,0.0
HARV,2019-05,497.0
HARV,2019-06,2855
HARV,2019-07,6469
HARV,2019-08,3409
HARV,2019-09,295
HARV,2019-10,38.0
HARV,2019-11,0.0
HARV,2020-03,3
HARV,2020-04,0.0
HARV,2020-05,0.0
HARV,2020-06,0.0
HARV,2020-07,3807
HARV,2020-08,672
HARV,2020-09,84.0
HARV,2020-10,1.0
HARV,2020-11,1.0
HARV,2020-12,0.0
HARV,2021-03,5
HARV,2021-04,9
HARV,2021-05,263.0
HARV,2021-06,4281
HARV,2021-07,3382
HARV,2021-08,2696
HARV,2021-09,711
HARV,2021-10,190.0
BLAN,2015-05,100.0
BLAN,2015-06,78
BLAN,2015-07,108.0
BLAN,2015-08,59.0
BLAN,2015-09,9
BLAN,2015-10,283.0
BLAN,2015-11,9.0
BLAN,2016-04,10
BLAN,2016-05,15.0
BLAN,2016-06,103.0
BLAN,2016-07,30.0
BLAN,2016-08,68.0
BLAN,2016-09,51
BLAN,2016-10,19.0
BLAN,2016-11,21.0
BLAN,2017-03,4
BLAN,2017-04,8
BLAN,2017-05,226.0
BLAN,2017-06,179.0
BLAN,2017-07,661.0
BLAN,2017-08,229.0
BLAN,2017-09,65.0
BLAN,2017-10,36
BLAN,2017-11,0.0
BLAN,2017-12,0.0
BLAN,2018-05,312.0
BLAN,2018-06,803
BLAN,2018-07,1309
BLAN,2018-08,816
BLAN,2018-09,318
BLAN,2018-10,2463
BLAN,2018-11,0.0
BLAN,2019-03,0.0
BLAN,2019-04,3
BLAN,2019-05,24
BLAN,2019-06,32
BLAN,2019-07,32.0
BLAN,2019-08,16.0
BLAN,2019-09,23.0
BLAN,2019-10,20.0
BLAN,2019-11,0.0
BLAN,2020-03,0.0
BLAN,2020-04,0.0
BLAN,2020-05,0.0
BLAN,2020-06,0.0
BLAN,2020-07,44
BLAN,2020-08,16
BLAN,2020-09,84
BLAN,2020-10,2
BLAN,2020-11,0.0
BLAN,2021-04,0.0
BLAN,2021-05,13
BLAN,2021-06,5
BLAN,2021-07,13
BLAN,2021-08,22.0
BLAN,2021-09,27.0
BLAN,2021-10,292
SCBI,2014-06,51
SCBI,2014-07,82
SCBI,2014-08,45
SCBI,2014-09,62
SCBI,2014-10,15
SCBI,2014-11,0.0
SCBI,2014-12,0.0
SCBI,2015-03,0.0
SCBI,2015-04,20.0
SCBI,2015-05,16.0
SCBI,2015-06,27.0
SCBI,2015-07,83.0
SCBI,2015-08,59.0
SCBI,2015-09,105.0
SCBI,2015-10,12.0
SCBI,2015-11,0.0
SCBI,2015-12,1
SCBI,2016-01,0.0
SCBI,2016-02,0.0
SCBI,2016-03,0.0
SCBI,2016-04,1.0
SCBI,2016-05,22.0
SCBI,2016-06,62.0
SCBI,2016-07,42.0
SCBI,2016-08,58.0
SCBI,2016-09,63.0
SCBI,2016-10,66.0
SCBI,2016-11,3.0
SCBI,2017-01,0.0
SCBI,2017-02,1.0
SCBI,2017-03,2.0
SCBI,2017-04,3.0
SCBI,2017-05,52.0
SCBI,2017-06,71.0
SCBI,2017-07,42.0
SCBI,2017-08,87.0
SCBI,2017-09,78.0
SCBI,2017-10,28.0
SCBI,2017-11,1.0
SCBI,2017-12,0.0
SCBI,2018-01,0.0
SCBI,2018-02,0.0
SCBI,2018-03,0.0
SCBI,2018-04,0.0
SCBI,2018-05,7.0
SCBI,2018-06,83.0
SCBI,2018-07,464.0
SCBI,2018-08,65.0
SCBI,2018-09,582.0
SCBI,2018-10,52
SCBI,2018-11,6
SCBI,2018-12,0.0
SCBI,2019-02,0.0
SCBI,2019-03,0.0
SCBI,2019-04,4.0
SCBI,2019-05,91.0
SCBI,2019-06,12.0
SCBI,2019-07,31.0
SCBI,2019-08,21
SCBI,2019-09,23
SCBI,2019-10,2.0
SCBI,2019-11,0.0
SCBI,2019-12,0.0
SCBI,2020-01,0.0
SCBI,2020-02,0.0
SCBI,2020-03,2
SCBI,2020-04,0.0
SCBI,2020-05,0.0
SCBI,2020-06,25.0
SCBI,2020-07,19.0
SCBI,2020-08,39
SCBI,2020-09,28
SCBI,2020-10,13.0
SCBI,2020-11,0.0
SCBI,2020-12,0.0
SCBI,2021-01,0.0
SCBI,2021-02,0.0
SCBI,2021-03,0.0
SCBI,2021-04,1
SCBI,2021-05,0.0
SCBI,2021-06,9.0
SCBI,2021-07,4
SCBI,2021-08,29.0
SCBI,2021-09,37
SCBI,2021-10,12
SERC,2015-04,43.0
SERC,2015-05,1315
SERC,2015-06,1074
SERC,2015-07,3427
SERC,2015-08,2554
SERC,2015-09,828
SERC,2015-10,94.0
SERC,2015-11,158.0
SERC,2016-05,217.0
SERC,2016-06,2598
SERC,2016-07,1889
SERC,2016-08,1645.0
SERC,2016-09,906.0
SERC,2016-10,239
SERC,2016-11,0.0
SERC,2017-03,0.0
SERC,2017-04,76.0
SERC,2017-05,148
SERC,2017-06,1677.0
SERC,2017-07,1809
SERC,2017-08,2845
SERC,2017-09,998
SERC,2017-10,2070
SERC,2017-11,134.0
SERC,2017-12,10
SERC,2018-03,0.0
SERC,2018-05,1507
SERC,2018-06,655
SERC,2018-07,2167
SERC,2018-08,1412
SERC,2018-09,994
SERC,2018-10,874
SERC,2018-11,2
SERC,2018-12,0.0
SERC,2019-04,110.0
SERC,2019-05,1558
SERC,2019-06,409
SERC,2019-07,637.0
SERC,2019-08,381
SERC,2019-09,490.0
SERC,2019-10,62
SERC,2019-11,188
SERC,2019-12,20.0
SERC,2020-03,0.0
SERC,2020-04,0.0
SERC,2020-05,0.0
SERC,2020-06,0.0
SERC,2020-07,0.0
SERC,2020-08,0.0
SERC,2020-09,0.0
SERC,2020-10,422
SERC,2020-11,85
SERC,2020-12,0.0
SERC,2021-05,121
SERC,2021-06,539
SERC,2021-07,370
SERC,2021-08,1129
SERC,2021-09,1334
SERC,2021-10,290
DSNY,2014-04,4509
DSNY,2014-05,6137
DSNY,2014-06,5908
DSNY,2014-07,6033
DSNY,2014-08,6213
DSNY,2014-09,6342
DSNY,2014-10,3721
DSNY,2016-04,9258.0
DSNY,2016-05,3616
DSNY,2016-06,801
DSNY,2016-07,2258
DSNY,2016-08,799
DSNY,2016-09,4002
DSNY,2016-10,3529
DSNY,2016-11,3812
DSNY,2017-03,3716
DSNY,2017-04,2218.0
DSNY,2017-05,1594
DSNY,2017-06,4018.0
DSNY,2017-07,4100
DSNY,2017-08,4087
DSNY,2017-09,2903
DSNY,2017-10,3724
DSNY,2017-11,4037
DSNY,2017-12,4034
DSNY,2018-01,1118
DSNY,2018-02,1963
DSNY,2018-03,1247
DSNY,2018-04,1199
DSNY,2018-05,2715
DSNY,2018-06,2082.0
DSNY,2018-07,1504
DSNY,2018-08,1645
DSNY,2018-09,1636
DSNY,2018-10,1630
DSNY,2018-11,1904
DSNY,2018-12,1808
DSNY,2019-01,3902.0
DSNY,2019-02,1964
DSNY,2019-03,2018
DSNY,2019-04,2034
DSNY,2019-05,2018
DSNY,2019-06,1696
DSNY,2019-07,2263
DSNY,2019-08,2570
DSNY,2019-09,1237
DSNY,2019-10,1926
DSNY,2019-11,1836
DSNY,2019-12,1895
DSNY,2020-01,1987
DSNY,2020-02,2037
DSNY,2020-03,0.0
DSNY,2020-04,0.0
DSNY,2020-05,0.0
DSNY,2020-06,1921
DSNY,2020-07,0.0
DSNY,2020-08,0.0
DSNY,2020-09,0.0
DSNY,2020-10,0.0
DSNY,2020-11,1608
DSNY,2020-12,2956
DSNY,2021-01,1408
DSNY,2021-02,2024
DSNY,2021-03,1820
DSNY,2021-04,2068
DSNY,2021-05,1945
DSNY,2021-06,1946
DSNY,2021-07,2095
DSNY,2021-08,2087
DSNY,2021-09,0.0
DSNY,2021-10,2032
JERC,2014-06,1551
JERC,2014-07,485
JERC,2014-08,259
JERC,2014-09,314
JERC,2014-10,436
JERC,2016-03,2516
JERC,2016-04,4610
JERC,2016-05,2184.0
JERC,2016-06,144.0
JERC,2016-07,130
JERC,2016-08,102.0
JERC,2016-09,280
JERC,2016-10,391
JERC,2017-03,22
JERC,2017-04,96.0
JERC,2017-05,975
JERC,2017-06,136
JERC,2017-07,392
JERC,2017-08,590.0
JERC,2017-09,1276
JERC,2017-10,299.0
JERC,2017-11,164
JERC,2017-12,42.0
JERC,2018-01,3.0
JERC,2018-02,34.0
JERC,2018-03,1031
JERC,2018-04,243
JERC,2018-05,827.0
JERC,2018-06,1032
JERC,2018-07,896
JERC,2018-08,414
JERC,2018-09,298
JERC,2018-10,2059
JERC,2018-11,399
JERC,2018-12,232
JERC,2019-01,12.0
JERC,2019-02,434
JERC,2019-03,372
JERC,2019-04,667
JERC,2019-05,140
JERC,2019-06,192
JERC,2019-07,198
JERC,2019-08,955
JERC,2019-09,272
JERC,2019-10,124
JERC,2019-11,135
JERC,2019-12,120
JERC,2020-01,85
JERC,2020-02,127
JERC,2020-03,1290
JERC,2020-04,0.0
JERC,2020-05,0.0
JERC,2020-06,335
JERC,2020-07,0.0
JERC,2020-08,0.0
JERC,2020-09,0.0
JERC,2020-10,2002
JERC,2020-11,108
JERC,2020-12,63
JERC,2021-01,3
JERC,2021-02,56
JERC,2021-04,846
JERC,2021-05,2123
JERC,2021-06,1068
JERC,2021-07,564
JERC,2021-08,520
JERC,2021-09,0.0
JERC,2021-10,277
OSBS,2014-04,7306
OSBS,2014-05,10186
OSBS,2014-06,8961
OSBS,2014-07,16828
OSBS,2014-08,12534
OSBS,2014-09,12499
OSBS,2014-10,9146.0
OSBS,2016-03,4681
OSBS,2016-04,5614
OSBS,2016-05,6381
OSBS,2016-06,7384.0
OSBS,2016-07,5806
OSBS,2016-08,5186.0
OSBS,2016-09,4826.0
OSBS,2016-10,6686
OSBS,2016-11,2244
OSBS,2017-02,3467.0
OSBS,2017-03,3669
OSBS,2017-04,1887.0
OSBS,2017-05,1757
OSBS,2017-06,7610
OSBS,2017-07,9547.0
OSBS,2017-08,7977
OSBS,2017-09,8259
OSBS,2017-10,8529
OSBS,2017-11,5959
OSBS,2017-12,1723.0
OSBS,2018-01,5021
OSBS,2018-02,6057
OSBS,2018-03,2570.0
OSBS,2018-04,3576.0
OSBS,2018-05,3961.0
OSBS,2018-06,3726
OSBS,2018-07,4348
OSBS,2018-08,4208.0
OSBS,2018-09,4242
OSBS,2018-10,5725.0
OSBS,2018-11,1340
OSBS,2018-12,983
OSBS,2019-01,850
OSBS,2019-02,2939
OSBS,2019-03,2808
OSBS,2019-04,6887
OSBS,2019-05,4119
OSBS,2019-06,4386
OSBS,2019-07,3919
OSBS,2019-08,4543
OSBS,2019-09,3927
OSBS,2019-10,5956
OSBS,2019-11,1147
OSBS,2019-12,2532
OSBS,2020-01,326
OSBS,2020-02,2033
OSBS,2020-03,3036
OSBS,2020-04,0.0
OSBS,2020-05,0.0
OSBS,2020-06,2107
OSBS,2020-07,2045
OSBS,2020-08,0.0
OSBS,2020-09,0.0
OSBS,2020-10,3243
OSBS,2020-11,1975
OSBS,2020-12,425
OSBS,2021-01,459
OSBS,2021-02,588
OSBS,2021-03,1930
OSBS,2021-04,5506
OSBS,2021-05,3467
OSBS,2021-06,1594
OSBS,2021-07,4548
OSBS,2021-08,3843
OSBS,2021-09,6199
OSBS,2021-10,3713
GUAN,2014-04,0.0
GUAN,2016-02,42.0
GUAN,2016-03,376
GUAN,2016-04,38.0
GUAN,2016-05,3745
GUAN,2016-06,778.0
GUAN,2016-07,125
GUAN,2016-08,94
GUAN,2016-09,1634
GUAN,2016-10,4079
GUAN,2016-11,9447
GUAN,2017-02,135
GUAN,2017-03,53.0
GUAN,2017-04,235
GUAN,2017-05,96
GUAN,2017-06,1171
GUAN,2017-07,2546
GUAN,2017-08,1818
GUAN,2017-09,1752
GUAN,2017-12,752
GUAN,2018-01,398
GUAN,2018-02,213
GUAN,2018-03,941
GUAN,2018-04,171
GUAN,2018-05,14
GUAN,2018-06,209
GUAN,2018-07,614
GUAN,2018-08,170
GUAN,2018-09,710
GUAN,2018-10,2362
GUAN,2018-11,1344
GUAN,2018-12,252
GUAN,2019-01,53
GUAN,2019-02,5
GUAN,2019-03,451
GUAN,2019-04,60
GUAN,2019-05,204
GUAN,2019-06,28
GUAN,2019-07,58
GUAN,2019-08,46
GUAN,2019-09,1162
GUAN,2019-10,3569
GUAN,2019-11,2992
GUAN,2019-12,1056
GUAN,2020-03,503
GUAN,2020-04,0.0
GUAN,2020-05,0.0
GUAN,2020-06,5
GUAN,2020-07,48
GUAN,2020-08,2360
GUAN,2020-09,1083
GUAN,2020-10,329
GUAN,2020-11,1209
GUAN,2020-12,1412
GUAN,2021-01,102
GUAN,2021-02,24
GUAN,2021-03,49
GUAN,2021-04,16
GUAN,2021-05,20
GUAN,2021-06,15
GUAN,2021-07,213
GUAN,2021-08,462
GUAN,2021-09,182
GUAN,2021-10,1269
LAJA,2016-04,176.0
LAJA,2016-05,314
LAJA,2016-06,97
LAJA,2016-07,96.0
LAJA,2016-08,294
LAJA,2016-09,3061
LAJA,2016-10,2844
LAJA,2017-03,366.0
LAJA,2017-04,200
LAJA,2017-05,852
LAJA,2017-06,527
LAJA,2017-07,185
LAJA,2017-08,144
LAJA,2017-11,2937.0
LAJA,2017-12,233
LAJA,2018-01,349
LAJA,2018-02,220
LAJA,2018-03,350
LAJA,2018-04,609
LAJA,2018-05,170
LAJA,2018-06,88
LAJA,2018-07,55
LAJA,2018-08,542
LAJA,2018-09,330.0
LAJA,2018-10,465.0
LAJA,2018-11,1124
LAJA,2018-12,187
LAJA,2019-01,353.0
LAJA,2019-02,218
LAJA,2019-03,181
LAJA,2019-04,64
LAJA,2019-05,163
LAJA,2019-06,38
LAJA,2019-07,105
LAJA,2019-08,113
LAJA,2019-09,171
LAJA,2019-10,410
LAJA,2019-11,829
LAJA,2019-12,172
LAJA,2020-03,147
LAJA,2020-04,0.0
LAJA,2020-05,0.0
LAJA,2020-06,101
LAJA,2020-08,403
LAJA,2020-09,826
LAJA,2020-11,262
LAJA,2020-12,190
LAJA,2021-01,181
LAJA,2021-02,106
LAJA,2021-03,92
LAJA,2021-04,120
LAJA,2021-05,33
LAJA,2021-06,181
LAJA,2021-07,74
LAJA,2021-08,33
LAJA,2021-09,0.0
LAJA,2021-10,189
STEI,2016-05,889
STEI,2016-06,5950
STEI,2016-07,6000
STEI,2016-08,5845
STEI,2016-09,1587.0
STEI,2016-10,0.0
STEI,2017-04,0.0
STEI,2017-05,1660
STEI,2017-06,5666
STEI,2017-07,6414
STEI,2017-08,5803
STEI,2017-09,4937
STEI,2017-10,58.0
STEI,2017-11,0.0
STEI,2018-05,141.0
STEI,2018-06,4053
STEI,2018-07,4104
STEI,2018-08,4060
STEI,2018-09,547
STEI,2018-10,0.0
STEI,2019-05,39
STEI,2019-06,4471
STEI,2019-07,4393
STEI,2019-08,4096
STEI,2019-09,1025
STEI,2019-10,14.0
STEI,2020-04,0.0
STEI,2020-05,0.0
STEI,2020-06,3741
STEI,2020-07,4074
STEI,2020-08,3960
STEI,2020-09,817
STEI,2020-10,544
STEI,2020-11,0.0
STEI,2021-04,0.0
STEI,2021-05,2116
STEI,2021-06,3999
STEI,2021-07,4074
STEI,2021-08,3086
STEI,2021-09,674
STEI,2021-10,0.0
TREE,2016-05,3568
TREE,2016-06,5984
TREE,2016-07,4907
TREE,2016-08,1277
TREE,2016-09,740.0
TREE,2016-10,2.0
TREE,2016-11,0.0
TREE,2017-04,12.0
TREE,2017-05,29.0
TREE,2017-06,5003
TREE,2017-07,5157
TREE,2017-08,6002
TREE,2017-09,1202
TREE,2017-10,6.0
TREE,2018-05,1828
TREE,2018-06,4748
TREE,2018-07,2616
TREE,2018-08,211
TREE,2018-09,41.0
TREE,2018-10,2.0
TREE,2018-11,0.0
TREE,2019-05,4166
TREE,2019-06,4286
TREE,2019-07,3814
TREE,2019-08,1196
TREE,2019-09,291
TREE,2019-10,0.0
TREE,2020-04,0.0
TREE,2020-05,0.0
TREE,2020-06,0.0
TREE,2020-07,6863
TREE,2020-08,2106
TREE,2020-09,437
TREE,2020-10,0.0
TREE,2020-11,0.0
TREE,2021-04,0.0
TREE,2021-05,88
TREE,2021-06,817
TREE,2021-07,2493
TREE,2021-08,1114
TREE,2021-09,347.0
TREE,2021-10,1
UNDE,2014-05,0.0
UNDE,2014-06,219387
UNDE,2014-07,107209
UNDE,2014-08,26018
UNDE,2014-09,684
UNDE,2014-10,6.0
UNDE,2016-03,0.0
UNDE,2016-04,18
UNDE,2016-05,4765.0
UNDE,2016-06,14400
UNDE,2016-07,15408
UNDE,2016-08,10332
UNDE,2016-09,6634
UNDE,2016-10,1755.0
UNDE,2016-11,7.0
UNDE,2017-02,0.0
UNDE,2017-03,0.0
UNDE,2017-04,27.0
UNDE,2017-05,596.0
UNDE,2017-06,15415
UNDE,2017-07,11257
UNDE,2017-08,9868
UNDE,2017-09,1593
UNDE,2017-10,331.0
UNDE,2017-11,0.0
UNDE,2018-04,0.0
UNDE,2018-05,4021
UNDE,2018-06,8163
UNDE,2018-07,8092
UNDE,2018-08,5389
UNDE,2018-09,357
UNDE,2018-10,2.0
UNDE,2018-11,0.0
UNDE,2019-04,2
UNDE,2019-05,15.0
UNDE,2019-06,8722
UNDE,2019-07,8060
UNDE,2019-08,10624
UNDE,2019-09,648
UNDE,2019-10,39.0
UNDE,2019-11,0.0
UNDE,2020-03,0.0
UNDE,2020-04,0.0
UNDE,2020-05,0.0
UNDE,2020-06,7770
UNDE,2020-07,8149
UNDE,2020-08,5660
UNDE,2020-09,1493
UNDE,2020-10,63.0
UNDE,2020-11,0.0
UNDE,2020-12,0.0
UNDE,2021-01,0.0
UNDE,2021-02,0.0
UNDE,2021-03,0.0
UNDE,2021-04,28.0
UNDE,2021-05,4065.0
UNDE,2021-06,7878
UNDE,2021-07,12033
UNDE,2021-08,2490
UNDE,2021-09,230
UNDE,2021-10,93.0
KONA,2017-06,102.0
KONA,2017-07,510
KONA,2017-08,2488
KONA,2017-09,1030.0
KONA,2017-10,143.0
KONA,2017-11,0.0
KONA,2018-05,0.0
KONA,2018-06,54
KONA,2018-07,414
KONA,2018-08,1728
KONA,2018-09,1319
KONA,2018-10,45
KONA,2018-11,0.0
KONA,2018-12,0.0
KONA,2019-05,0.0
KONA,2019-06,1759
KONA,2019-07,951
KONA,2019-08,2014
KONA,2019-09,1591
KONA,2019-10,147.0
KONA,2020-05,0.0
KONA,2020-06,527
KONA,2020-07,250
KONA,2020-08,1770
KONA,2020-09,908
KONA,2020-10,47
KONA,2020-11,0.0
KONA,2020-12,0.0
KONA,2021-06,1110
KONA,2021-07,1017
KONA,2021-08,542
KONA,2021-09,1080.0
KONA,2021-10,1
KONZ,2016-02,0.0
KONZ,2016-03,5.0
KONZ,2016-04,31.0
KONZ,2016-05,375.0
KONZ,2016-06,739.0
KONZ,2016-07,271.0
KONZ,2016-08,1569
KONZ,2016-09,1596
KONZ,2016-10,904
KONZ,2016-11,387
KONZ,2017-01,0.0
KONZ,2017-02,0.0
KONZ,2017-03,1
KONZ,2017-04,78
KONZ,2017-05,280.0
KONZ,2017-06,555
KONZ,2017-07,62.0
KONZ,2017-08,513.0
KONZ,2017-09,247.0
KONZ,2017-10,30
KONZ,2017-11,0.0
KONZ,2017-12,0.0
KONZ,2018-01,0.0
KONZ,2018-03,0.0
KONZ,2018-04,0.0
KONZ,2018-05,83
KONZ,2018-06,1
KONZ,2018-07,46.0
KONZ,2018-08,707
KONZ,2018-09,342
KONZ,2018-10,7
KONZ,2018-11,2
KONZ,2018-12,0.0
KONZ,2019-01,0.0
KONZ,2019-02,0.0
KONZ,2019-03,0.0
KONZ,2019-04,0.0
KONZ,2019-05,356.0
KONZ,2019-06,571
KONZ,2019-07,999
KONZ,2019-08,230
KONZ,2019-09,626
KONZ,2019-10,58.0
KONZ,2019-11,0.0
KONZ,2019-12,0.0
KONZ,2020-01,0.0
KONZ,2020-02,0.0
KONZ,2020-03,0.0
KONZ,2020-04,0.0
KONZ,2020-05,0.0
KONZ,2020-06,618
KONZ,2020-07,328.0
KONZ,2020-08,92
KONZ,2020-09,57
KONZ,2020-10,29
KONZ,2020-11,6
KONZ,2020-12,0.0
KONZ,2021-01,0.0
KONZ,2021-02,0.0
KONZ,2021-03,0.0
KONZ,2021-04,0.0
KONZ,2021-05,1
KONZ,2021-06,406
KONZ,2021-07,817
KONZ,2021-08,28
KONZ,2021-09,241
KONZ,2021-10,54
UKFS,2016-03,0.0
UKFS,2016-04,35.0
UKFS,2016-05,2145
UKFS,2016-06,1995
UKFS,2016-07,1837
UKFS,2016-08,2006
UKFS,2016-09,2222
UKFS,2016-10,217
UKFS,2016-11,142.0
UKFS,2017-03,4
UKFS,2017-04,2848
UKFS,2017-05,2120
UKFS,2017-06,609
UKFS,2017-07,1526
UKFS,2017-08,746
UKFS,2017-09,2793
UKFS,2017-10,656
UKFS,2017-11,4.0
UKFS,2018-05,122
UKFS,2018-06,129
UKFS,2018-07,187
UKFS,2018-08,309
UKFS,2018-09,930
UKFS,2018-10,508
UKFS,2018-11,17.0
UKFS,2019-05,744
UKFS,2019-06,349
UKFS,2019-07,384
UKFS,2019-08,1438
UKFS,2019-09,1635
UKFS,2019-10,201
UKFS,2019-11,0.0
UKFS,2020-04,0.0
UKFS,2020-05,0.0
UKFS,2020-06,127
UKFS,2020-07,280
UKFS,2020-08,982
UKFS,2020-09,134
UKFS,2020-10,49
UKFS,2020-11,4
UKFS,2020-12,0.0
UKFS,2021-05,1126
UKFS,2021-06,420
UKFS,2021-07,1208
UKFS,2021-08,897
UKFS,2021-09,581.0
UKFS,2021-10,89
GRSM,2016-03,0.0
GRSM,2016-04,10
GRSM,2016-05,15.0
GRSM,2016-06,29.0
GRSM,2016-07,12.0
GRSM,2016-08,13.0
GRSM,2016-09,26.0
GRSM,2016-10,36.0
GRSM,2016-11,21
GRSM,2017-03,9.0
GRSM,2017-04,36.0
GRSM,2017-05,13
GRSM,2017-06,24
GRSM,2017-07,24.0
GRSM,2017-08,124.0
GRSM,2017-09,48
GRSM,2017-10,0.0
GRSM,2017-11,3.0
GRSM,2017-12,0.0
GRSM,2018-03,0.0
GRSM,2018-04,0.0
GRSM,2018-05,9
GRSM,2018-06,14.0
GRSM,2018-07,12
GRSM,2018-08,39
GRSM,2018-09,27
GRSM,2018-10,27
GRSM,2018-11,0.0
GRSM,2019-03,0.0
GRSM,2019-04,30
GRSM,2019-05,21
GRSM,2019-06,3
GRSM,2019-07,4
GRSM,2019-08,26
GRSM,2019-09,25
GRSM,2019-10,19
GRSM,2019-11,0.0
GRSM,2019-12,6
GRSM,2020-03,0.0
GRSM,2020-04,0.0
GRSM,2020-05,2
GRSM,2020-06,9
GRSM,2020-07,0.0
GRSM,2020-08,0.0
GRSM,2020-09,0.0
GRSM,2020-10,0.0
GRSM,2020-11,0.0
GRSM,2020-12,0.0
GRSM,2021-03,1
GRSM,2021-04,1.0
GRSM,2021-05,8.0
GRSM,2021-06,31
GRSM,2021-07,7
GRSM,2021-08,0.0
GRSM,2021-09,6
GRSM,2021-10,0.0
MLBS,2017-10,15.0
MLBS,2017-11,0.0
MLBS,2017-12,0.0
MLBS,2018-03,0.0
MLBS,2018-04,1
MLBS,2018-05,34
MLBS,2018-06,44
MLBS,2018-07,87
MLBS,2018-08,25
MLBS,2018-09,14
MLBS,2018-10,5.0
MLBS,2018-11,0.0
MLBS,2019-02,0.0
MLBS,2019-03,0.0
MLBS,2019-04,0.0
MLBS,2019-05,10
MLBS,2019-06,10
MLBS,2019-07,63
MLBS,2019-08,20
MLBS,2019-09,9
MLBS,2019-10,1
MLBS,2019-11,0.0
MLBS,2020-03,0.0
MLBS,2020-04,0.0
MLBS,2020-05,0.0
MLBS,2020-06,0.0
MLBS,2020-07,61
MLBS,2020-08,0.0
MLBS,2020-09,0.0
MLBS,2020-10,0.0
MLBS,2020-11,0.0
MLBS,2020-12,0.0
MLBS,2021-04,0.0
MLBS,2021-05,2.0
MLBS,2021-06,0.0
MLBS,2021-07,0.0
MLBS,2021-08,0.0
MLBS,2021-09,0.0
MLBS,2021-10,2
ORNL,2014-05,141
ORNL,2014-06,47
ORNL,2014-07,95
ORNL,2014-08,96
ORNL,2014-09,205
ORNL,2014-10,81.0
ORNL,2014-12,0.0
ORNL,2016-03,58.0
ORNL,2016-04,196.0
ORNL,2016-05,207.0
ORNL,2016-06,120.0
ORNL,2016-07,196.0
ORNL,2016-08,429.0
ORNL,2016-09,716.0
ORNL,2016-10,191.0
ORNL,2016-11,7.0
ORNL,2017-03,15.0
ORNL,2017-04,342.0
ORNL,2017-05,579.0
ORNL,2017-06,351.0
ORNL,2017-07,955
ORNL,2017-08,1376
ORNL,2017-09,1021.0
ORNL,2017-10,351.0
ORNL,2017-11,36.0
ORNL,2017-12,0.0
ORNL,2018-01,0.0
ORNL,2018-02,13.0
ORNL,2018-03,12.0
ORNL,2018-04,17.0
ORNL,2018-05,72.0
ORNL,2018-06,118
ORNL,2018-07,194
ORNL,2018-08,993.0
ORNL,2018-09,571
ORNL,2018-10,263.0
ORNL,2018-11,29.0
ORNL,2018-12,0.0
ORNL,2019-01,0.0
ORNL,2019-02,11.0
ORNL,2019-03,7.0
ORNL,2019-04,95
ORNL,2019-05,51
ORNL,2019-06,61
ORNL,2019-07,98
ORNL,2019-08,789
ORNL,2019-09,667
ORNL,2019-10,74
ORNL,2019-11,3
ORNL,2019-12,0.0
ORNL,2020-01,0.0
ORNL,2020-02,0.0
ORNL,2020-03,8.0
ORNL,2020-04,0.0
ORNL,2020-05,0.0
ORNL,2020-06,73.0
ORNL,2020-07,164.0
ORNL,2020-08,426.0
ORNL,2020-09,375.0
ORNL,2020-10,92
ORNL,2020-11,5.0
ORNL,2020-12,0.0
ORNL,2021-01,0.0
ORNL,2021-02,0.0
ORNL,2021-03,4
ORNL,2021-04,76
ORNL,2021-05,87.0
ORNL,2021-06,65.0
ORNL,2021-07,356.0
ORNL,2021-08,379
ORNL,2021-09,489
ORNL,2021-10,57
DELA,2016-05,756
DELA,2016-06,1437
DELA,2016-07,527
DELA,2016-08,466
DELA,2016-09,820
DELA,2016-10,2840
DELA,2016-11,427
DELA,2017-03,2362
DELA,2017-04,3195
DELA,2017-05,2685
DELA,2017-06,2950
DELA,2017-07,3600
DELA,2017-08,3600
DELA,2017-09,3519
DELA,2017-10,3359
DELA,2017-11,3175
DELA,2017-12,1125
DELA,2018-01,1
DELA,2018-03,2495
DELA,2018-05,2587.0
DELA,2018-06,1341
DELA,2018-07,2153
DELA,2018-08,1233
DELA,2018-09,1202
DELA,2018-10,1788
DELA,2018-11,2252
DELA,2018-12,16
DELA,2019-01,0.0
DELA,2019-02,119
DELA,2019-03,1003
DELA,2019-05,3760
DELA,2019-06,1002
DELA,2019-07,686
DELA,2019-08,822
DELA,2019-09,1561
DELA,2019-10,891
DELA,2019-11,429
DELA,2019-12,67
DELA,2020-01,5
DELA,2020-03,0.0
DELA,2020-04,0.0
DELA,2020-05,1610
DELA,2020-06,0.0
DELA,2020-07,1767
DELA,2020-08,1249
DELA,2020-09,1788
DELA,2020-10,1105
DELA,2020-11,347
DELA,2020-12,668
DELA,2021-01,0.0
DELA,2021-02,44
DELA,2021-03,0.0
DELA,2021-04,1786
DELA,2021-05,1421
DELA,2021-06,2400
DELA,2021-07,2056
DELA,2021-08,1565
DELA,2021-09,2081
DELA,2021-10,1812
LENO,2016-05,2283
LENO,2016-06,4991
LENO,2016-07,5999
LENO,2016-08,5998
LENO,2016-09,6010
LENO,2016-10,5967
LENO,2016-11,5715
LENO,2017-05,5021
LENO,2017-06,5431
LENO,2017-07,6043
LENO,2017-08,11994
LENO,2017-09,6093
LENO,2017-10,2833
LENO,2017-11,1803
LENO,2017-12,619
LENO,2018-01,1.0
LENO,2018-02,1864
LENO,2018-03,691
LENO,2018-04,1705
LENO,2018-05,2258
LENO,2018-06,3635
LENO,2018-07,7725
LENO,2018-08,3924
LENO,2018-09,3696
LENO,2018-10,3237
LENO,2018-11,1248
LENO,2018-12,261
LENO,2019-02,391
LENO,2019-03,257
LENO,2019-04,1024
LENO,2019-05,3411
LENO,2019-06,3804
LENO,2019-07,7999
LENO,2019-08,3635
LENO,2019-09,3471
LENO,2019-10,3778
LENO,2019-11,399
LENO,2020-04,0.0
LENO,2020-05,0.0
LENO,2020-06,0.0
LENO,2020-07,0.0
LENO,2020-08,0.0
LENO,2020-09,0.0
LENO,2020-10,0.0
LENO,2020-11,0.0
LENO,2020-12,0.0
LENO,2021-01,0.0
LENO,2021-02,0.0
LENO,2021-03,665
LENO,2021-04,0.0
LENO,2021-05,3831
LENO,2021-06,2727
LENO,2021-07,3112
LENO,2021-08,3298
LENO,2021-09,3700
LENO,2021-10,3322
TALL,2014-05,2942
TALL,2014-06,1423
TALL,2014-07,356
TALL,2014-08,424
TALL,2014-09,525
TALL,2014-10,273.0
TALL,2014-11,2
TALL,2016-03,69.0
TALL,2016-04,786.0
TALL,2016-05,1593.0
TALL,2016-06,986.0
TALL,2016-07,283.0
TALL,2016-08,845.0
TALL,2016-09,464.0
TALL,2016-10,752.0
TALL,2016-11,226.0
TALL,2017-01,6.0
TALL,2017-02,169.0
TALL,2017-03,588.0
TALL,2017-04,2117
TALL,2017-05,3344
TALL,2017-06,2624.0
TALL,2017-07,2067
TALL,2017-08,1019.0
TALL,2017-09,705
TALL,2017-10,535.0
TALL,2017-11,333.0
TALL,2017-12,5.0
TALL,2018-01,11.0
TALL,2018-02,236.0
TALL,2018-03,6.0
TALL,2018-04,163.0
TALL,2018-05,1224.0
TALL,2018-06,1046.0
TALL,2018-07,236.0
TALL,2018-08,176.0
TALL,2018-09,429.0
TALL,2018-10,364.0
TALL,2018-11,7.0
TALL,2018-12,8.0
TALL,2019-01,23.0
TALL,2019-02,34.0
TALL,2019-03,18.0
TALL,2019-04,162
TALL,2019-05,1009
TALL,2019-06,231
TALL,2019-07,369
TALL,2019-08,214
TALL,2019-09,228
TALL,2019-10,115
TALL,2019-11,82
TALL,2019-12,10
TALL,2020-01,6
TALL,2020-02,7
TALL,2020-03,138
TALL,2020-04,0.0
TALL,2020-05,245
TALL,2020-06,0.0
TALL,2020-07,176
TALL,2020-08,288
TALL,2020-09,411
TALL,2020-10,615
TALL,2020-11,53
TALL,2020-12,12
TALL,2021-01,3
TALL,2021-02,0.0
TALL,2021-03,57
TALL,2021-04,637
TALL,2021-05,970
TALL,2021-06,327
TALL,2021-07,143
TALL,2021-08,59
TALL,2021-09,296
TALL,2021-10,173
DCFS,2017-06,410.0
DCFS,2017-07,2453
DCFS,2017-08,918.0
DCFS,2017-09,1875.0
DCFS,2017-10,4.0
DCFS,2018-05,139
DCFS,2018-06,1952
DCFS,2018-07,2191
DCFS,2018-08,818
DCFS,2018-09,1121
DCFS,2018-10,0.0
DCFS,2019-04,0.0
DCFS,2019-05,248
DCFS,2019-06,1534
DCFS,2019-07,2062
DCFS,2019-08,1435
DCFS,2019-09,1342
DCFS,2019-10,0.0
DCFS,2020-04,0.0
DCFS,2020-05,0.0
DCFS,2020-06,938
DCFS,2020-07,642
DCFS,2020-08,1747
DCFS,2020-09,1767
DCFS,2020-10,0.0
DCFS,2020-11,0.0
DCFS,2021-05,2
DCFS,2021-06,995
DCFS,2021-07,1964
DCFS,2021-08,0.0
DCFS,2021-09,286
DCFS,2021-10,0.0
NOGP,2016-05,1219
NOGP,2016-06,265
NOGP,2016-07,3223
NOGP,2016-08,993
NOGP,2016-09,181
NOGP,2016-10,1.0
NOGP,2017-05,294.0
NOGP,2017-06,417
NOGP,2017-07,1241
NOGP,2017-08,798
NOGP,2017-09,431
NOGP,2017-10,1
NOGP,2018-06,977
NOGP,2018-07,1726
NOGP,2018-08,1727
NOGP,2018-09,19
NOGP,2018-10,0.0
NOGP,2019-04,0.0
NOGP,2019-05,83
NOGP,2019-06,1663
NOGP,2019-07,33
NOGP,2019-08,2004
NOGP,2019-09,1434
NOGP,2019-10,8
NOGP,2020-04,0.0
NOGP,2020-05,0.0
NOGP,2020-06,118
NOGP,2020-07,256
NOGP,2020-08,483
NOGP,2020-09,37
NOGP,2020-10,3
NOGP,2021-06,1776
NOGP,2021-07,530
NOGP,2021-08,41
NOGP,2021-09,133
NOGP,2021-10,0.0
WOOD,2014-05,0.0
WOOD,2014-06,3136
WOOD,2014-07,8589
WOOD,2014-08,6250.0
WOOD,2014-09,4236
WOOD,2014-10,91.0
WOOD,2014-11,0.0
WOOD,2016-03,0.0
WOOD,2016-04,0.0
WOOD,2016-05,93.0
WOOD,2016-06,5775.0
WOOD,2016-07,5505.0
WOOD,2016-08,5365.0
WOOD,2016-09,5407.0
WOOD,2016-10,267
WOOD,2016-11,0.0
WOOD,2017-03,0.0
WOOD,2017-04,2
WOOD,2017-05,112.0
WOOD,2017-06,5147.0
WOOD,2017-07,7643
WOOD,2017-08,7424
WOOD,2017-09,3619.0
WOOD,2017-10,1
WOOD,2018-04,0.0
WOOD,2018-05,1352
WOOD,2018-06,3300.0
WOOD,2018-07,3708
WOOD,2018-08,2911.0
WOOD,2018-09,496
WOOD,2018-10,1.0
WOOD,2018-11,0.0
WOOD,2019-04,2
WOOD,2019-05,0.0
WOOD,2019-06,3635
WOOD,2019-07,5867
WOOD,2019-08,2085
WOOD,2019-09,3958
WOOD,2019-10,396
WOOD,2019-11,0.0
WOOD,2020-03,0.0
WOOD,2020-04,0.0
WOOD,2020-05,0.0
WOOD,2020-06,2335
WOOD,2020-07,5413
WOOD,2020-08,4092
WOOD,2020-09,1298
WOOD,2020-10,0.0
WOOD,2020-11,0.0
WOOD,2020-12,0.0
WOOD,2021-01,0.0
WOOD,2021-02,0.0
WOOD,2021-03,0.0
WOOD,2021-04,0.0
WOOD,2021-05,2
WOOD,2021-06,473
WOOD,2021-07,2290
WOOD,2021-08,1279
WOOD,2021-09,1030
WOOD,2021-10,0.0
CPER,2014-03,0.0
CPER,2014-04,0.0
CPER,2014-05,7
CPER,2014-06,509
CPER,2014-07,2214
CPER,2014-08,6691
CPER,2014-09,170
CPER,2014-10,4.0
CPER,2015-03,0.0
CPER,2016-04,0.0
CPER,2016-05,0.0
CPER,2016-06,188.0
CPER,2016-07,306
CPER,2016-08,117
CPER,2016-09,79
CPER,2016-10,0.0
CPER,2016-11,0.0
CPER,2017-02,0.0
CPER,2017-03,0.0
CPER,2017-04,0.0
CPER,2017-05,20
CPER,2017-06,3875
CPER,2017-07,79
CPER,2017-08,2467
CPER,2017-09,117
CPER,2017-10,6
CPER,2017-11,0.0
CPER,2017-12,0.0
CPER,2018-01,0.0
CPER,2018-03,0.0
CPER,2018-04,0.0
CPER,2018-05,123
CPER,2018-06,1136
CPER,2018-07,46
CPER,2018-08,139.0
CPER,2018-09,6.0
CPER,2018-10,0.0
CPER,2018-11,0.0
CPER,2019-02,0.0
CPER,2019-03,0.0
CPER,2019-04,0
CPER,2019-05,0.0
CPER,2019-06,314
CPER,2019-07,1527
CPER,2019-08,612
CPER,2019-09,86
CPER,2019-10,4
CPER,2019-11,0.0
CPER,2020-03,0.0
CPER,2020-04,0.0
CPER,2020-05,0.0
CPER,2020-06,3
CPER,2020-07,249
CPER,2020-08,72
CPER,2020-09,5
CPER,2020-10,0.0
CPER,2020-11,0.0
CPER,2020-12,0.0
CPER,2021-01,0.0
CPER,2021-02,0.0
CPER,2021-03,0.0
CPER,2021-04,0.0
CPER,2021-05,0.0
CPER,2021-06,95
CPER,2021-07,1423
CPER,2021-08,625
CPER,2021-09,54
CPER,2021-10,0.0
RMNP,2017-06,43
RMNP,2017-07,92
RMNP,2017-08,22
RMNP,2017-09,3
RMNP,2017-10,0.0
RMNP,2018-06,45
RMNP,2018-07,85
RMNP,2018-08,9
RMNP,2018-09,0.0
RMNP,2019-04,0.0
RMNP,2019-05,15
RMNP,2019-06,21
RMNP,2019-07,75
RMNP,2019-08,33
RMNP,2019-09,5
RMNP,2019-10,0.0
RMNP,2020-05,0.0
RMNP,2020-06,2
RMNP,2020-07,9
RMNP,2020-08,4
RMNP,2020-09,3
RMNP,2021-06,81
RMNP,2021-07,42
RMNP,2021-08,19
RMNP,2021-09,1
RMNP,2021-10,0.0
STER,2014-05,0.0
STER,2014-06,180
STER,2014-07,292
STER,2014-08,2309
STER,2014-09,2745
STER,2014-10,164
STER,2016-05,26.0
STER,2016-06,1345
STER,2016-07,2455
STER,2016-08,230
STER,2016-09,104
STER,2016-10,4.0
STER,2017-05,4
STER,2017-06,34
STER,2017-07,13
STER,2017-08,208
STER,2017-09,2
STER,2017-10,1
STER,2018-05,80
STER,2018-06,241
STER,2018-07,495
STER,2018-08,54
STER,2018-09,11
STER,2018-10,0.0
STER,2019-05,0.0
STER,2019-06,146
STER,2019-07,445
STER,2019-08,120
STER,2019-09,14
STER,2019-10,0.0
STER,2020-04,0.0
STER,2020-05,0.0
STER,2020-06,0.0
STER,2020-07,1
STER,2020-08,0.0
STER,2020-09,1
STER,2020-10,4
STER,2021-06,464
STER,2021-07,329
STER,2021-08,42
STER,2021-09,63
STER,2021-10,0.0
CLBJ,2016-04,1313.0
CLBJ,2016-05,2430.0
CLBJ,2016-06,7240
CLBJ,2016-07,3245.0
CLBJ,2016-08,4404.0
CLBJ,2016-09,2209
CLBJ,2016-10,1603
CLBJ,2016-11,1134.0
CLBJ,2017-01,77.0
CLBJ,2017-02,44.0
CLBJ,2017-03,150.0
CLBJ,2017-04,461
CLBJ,2017-05,776
CLBJ,2017-06,2381
CLBJ,2017-07,2366
CLBJ,2017-08,4330
CLBJ,2017-09,1467
CLBJ,2017-10,987
CLBJ,2017-11,113
CLBJ,2017-12,66
CLBJ,2018-01,4.0
CLBJ,2018-02,18.0
CLBJ,2018-03,1728
CLBJ,2018-04,1961
CLBJ,2018-05,624
CLBJ,2018-06,120
CLBJ,2018-07,264
CLBJ,2018-08,168
CLBJ,2018-09,493
CLBJ,2018-10,1015
CLBJ,2018-11,698
CLBJ,2018-12,4
CLBJ,2019-01,1
CLBJ,2019-02,69
CLBJ,2019-03,9
CLBJ,2019-04,626
CLBJ,2019-05,1558
CLBJ,2019-06,1612
CLBJ,2019-07,689
CLBJ,2019-08,139
CLBJ,2019-09,420
CLBJ,2019-10,1078
CLBJ,2019-11,259
CLBJ,2019-12,108
CLBJ,2020-01,79
CLBJ,2020-02,68
CLBJ,2020-03,23
CLBJ,2020-04,0.0
CLBJ,2020-05,0.0
CLBJ,2020-06,0.0
CLBJ,2020-07,0.0
CLBJ,2020-08,0.0
CLBJ,2020-09,0.0
CLBJ,2020-10,0.0
CLBJ,2020-11,1760
CLBJ,2020-12,0.0
CLBJ,2021-01,0.0
CLBJ,2021-02,0.0
CLBJ,2021-03,2
CLBJ,2021-04,97
CLBJ,2021-05,690
CLBJ,2021-06,2928
CLBJ,2021-07,1427
CLBJ,2021-08,2064
CLBJ,2021-09,101
CLBJ,2021-10,356
OAES,2016-03,2
OAES,2016-04,26.0
OAES,2016-05,135.0
OAES,2016-06,655.0
OAES,2016-07,115
OAES,2016-08,574
OAES,2016-09,2410
OAES,2016-10,1129
OAES,2016-11,166
OAES,2017-01,0.0
OAES,2017-02,4.0
OAES,2017-03,17
OAES,2017-04,833
OAES,2017-05,690
OAES,2017-06,338
OAES,2017-07,108
OAES,2017-08,494
OAES,2017-09,2367
OAES,2017-10,571
OAES,2017-11,0.0
OAES,2017-12,0.0
OAES,2018-01,0.0
OAES,2018-02,0.0
OAES,2018-03,4
OAES,2018-04,6
OAES,2018-05,38
OAES,2018-06,19
OAES,2018-07,341
OAES,2018-08,172
OAES,2018-09,525
OAES,2018-10,1724
OAES,2018-11,0.0
OAES,2018-12,11
OAES,2019-01,3
OAES,2019-02,0.0
OAES,2019-03,9
OAES,2019-04,0.0
OAES,2019-05,1408
OAES,2019-06,1383
OAES,2019-07,171
OAES,2019-08,128
OAES,2019-09,202
OAES,2019-10,114
OAES,2019-11,0.0
OAES,2019-12,0.0
OAES,2020-01,0.0
OAES,2020-02,0.0
OAES,2020-03,0.0
OAES,2020-04,0.0
OAES,2020-05,0.0
OAES,2020-06,0.0
OAES,2020-07,0.0
OAES,2020-08,0.0
OAES,2020-09,0.0
OAES,2020-10,0.0
OAES,2020-11,0.0
OAES,2020-12,0.0
OAES,2021-01,0.0
OAES,2021-02,0.0
OAES,2021-03,0.0
OAES,2021-04,0.0
OAES,2021-05,0.0
OAES,2021-06,0.0
OAES,2021-07,2056
OAES,2021-08,3243
OAES,2021-09,152
OAES,2021-10,42
YELL,2018-06,633
YELL,2018-07,621
YELL,2018-08,37
YELL,2018-09,0.0
YELL,2018-10,0.0
YELL,2018-11,0.0
YELL,2019-04,1
YELL,2019-05,0.0
YELL,2019-06,164
YELL,2019-07,2207
YELL,2019-08,222
YELL,2019-09,0
YELL,2019-10,0
YELL,2019-11,0.0
YELL,2020-03,0.0
YELL,2020-04,0.0
YELL,2020-05,0.0
YELL,2020-06,0.0
YELL,2020-07,0.0
YELL,2020-08,24
YELL,2020-09,1
YELL,2020-10,0.0
YELL,2020-11,0.0
YELL,2020-12,0.0
YELL,2021-01,0.0
YELL,2021-02,0.0
YELL,2021-03,0.0
YELL,2021-04,0.0
YELL,2021-05,0.0
YELL,2021-06,1043
YELL,2021-07,410
YELL,2021-08,73
YELL,2021-09,0.0
YELL,2021-10,0.0
MOAB,2016-05,8
MOAB,2016-06,70.0
MOAB,2016-07,115.0
MOAB,2016-08,550
MOAB,2016-09,5
MOAB,2017-03,0.0
MOAB,2017-04,8
MOAB,2017-05,11
MOAB,2017-06,74
MOAB,2017-07,30.0
MOAB,2017-08,1781
MOAB,2017-09,12
MOAB,2017-10,0.0
MOAB,2017-11,0.0
MOAB,2018-04,3
MOAB,2018-05,5
MOAB,2018-06,14
MOAB,2018-07,10
MOAB,2018-08,617
MOAB,2018-09,1
MOAB,2018-10,0.0
MOAB,2019-04,0.0
MOAB,2019-05,20
MOAB,2019-06,86
MOAB,2019-07,637
MOAB,2019-08,66
MOAB,2019-09,5
MOAB,2019-10,0.0
MOAB,2020-04,0.0
MOAB,2020-05,0.0
MOAB,2020-06,0.0
MOAB,2020-07,0.0
MOAB,2020-08,1
MOAB,2020-09,0.0
MOAB,2020-10,0.0
MOAB,2020-11,0.0
MOAB,2021-06,0.0
MOAB,2021-07,4
MOAB,2021-08,350
MOAB,2021-09,76
MOAB,2021-10,0.0
NIWO,2017-05,0.0
NIWO,2017-06,2943
NIWO,2017-07,7096
NIWO,2017-08,943.0
NIWO,2017-09,4.0
NIWO,2017-10,0.0
NIWO,2017-11,0.0
NIWO,2018-05,0.0
NIWO,2018-06,2644
NIWO,2018-07,2800
NIWO,2018-08,37.0
NIWO,2018-09,0.0
NIWO,2018-10,0.0
NIWO,2019-06,1
NIWO,2019-07,3677
NIWO,2019-08,512
NIWO,2019-09,4
NIWO,2019-10,0.0
NIWO,2019-11,0.0
NIWO,2020-03,0.0
NIWO,2020-04,0.0
NIWO,2020-05,0.0
NIWO,2020-06,2296
NIWO,2020-07,3331
NIWO,2020-08,40
NIWO,2020-09,0.0
NIWO,2020-10,0.0
NIWO,2020-11,0.0
NIWO,2020-12,0.0
NIWO,2021-01,0.0
NIWO,2021-02,0.0
NIWO,2021-03,0.0
NIWO,2021-04,0.0
NIWO,2021-05,0.0
NIWO,2021-06,872
NIWO,2021-07,3264
NIWO,2021-08,122
NIWO,2021-09,0
NIWO,2021-10,0
JORN,2016-07,3.0
JORN,2016-08,42.0
JORN,2016-09,737
JORN,2016-10,8
JORN,2016-11,0.0
JORN,2017-04,5
JORN,2017-05,2
JORN,2017-06,8
JORN,2017-07,6
JORN,2017-08,173
JORN,2017-09,562
JORN,2017-10,85
JORN,2017-11,14
JORN,2017-12,3
JORN,2018-01,0.0
JORN,2018-02,0.0
JORN,2018-03,0.0
JORN,2018-04,0.0
JORN,2018-05,0.0
JORN,2018-06,0.0
JORN,2018-07,21
JORN,2018-08,54
JORN,2018-09,20
JORN,2018-10,47
JORN,2018-11,0.0
JORN,2018-12,0.0
JORN,2019-01,0.0
JORN,2019-02,0.0
JORN,2019-03,3
JORN,2019-04,0.0
JORN,2019-05,0.0
JORN,2019-06,9
JORN,2019-07,15
JORN,2019-08,2
JORN,2019-09,20
JORN,2019-10,20
JORN,2019-11,0.0
JORN,2019-12,0.0
JORN,2020-01,0.0
JORN,2020-02,0.0
JORN,2020-03,1
JORN,2020-04,0.0
JORN,2020-05,0.0
JORN,2020-06,0.0
JORN,2020-07,0.0
JORN,2020-08,0.0
JORN,2020-09,0.0
JORN,2020-10,0.0
JORN,2020-11,0.0
JORN,2020-12,0.0
JORN,2021-01,0.0
JORN,2021-02,0.0
JORN,2021-03,0.0
JORN,2021-04,0.0
JORN,2021-05,0.0
JORN,2021-06,0.0
JORN,2021-07,46
JORN,2021-08,43
JORN,2021-09,220
JORN,2021-10,2
SRER,2016-04,0.0
SRER,2016-05,0.0
SRER,2016-06,2
SRER,2016-07,571
SRER,2016-08,383
SRER,2016-09,129.0
SRER,2016-10,15
SRER,2017-03,0.0
SRER,2017-04,1
SRER,2017-05,0.0
SRER,2017-06,1
SRER,2017-07,95
SRER,2017-08,237
SRER,2017-09,22.0
SRER,2017-10,3
SRER,2017-11,4
SRER,2017-12,2
SRER,2018-01,2
SRER,2018-02,3
SRER,2018-03,1
SRER,2018-04,1
SRER,2018-05,0.0
SRER,2018-06,5
SRER,2018-07,470
SRER,2018-08,540
SRER,2018-09,294
SRER,2018-10,38
SRER,2018-11,5
SRER,2018-12,2
SRER,2019-01,0.0
SRER,2019-02,17
SRER,2019-03,0.0
SRER,2019-04,2
SRER,2019-05,0.0
SRER,2019-06,1
SRER,2019-07,13
SRER,2019-08,180
SRER,2019-09,16
SRER,2019-10,14
SRER,2019-11,4
SRER,2019-12,4
SRER,2020-01,5
SRER,2020-02,0.0
SRER,2020-03,0.0
SRER,2020-04,0.0
SRER,2020-05,0.0
SRER,2020-06,0.0
SRER,2020-07,0.0
SRER,2020-08,0.0
SRER,2020-09,31
SRER,2020-10,2
SRER,2020-11,4
SRER,2020-12,0.0
SRER,2021-01,0.0
SRER,2021-02,0.0
SRER,2021-03,0.0
SRER,2021-04,0.0
SRER,2021-05,0.0
SRER,2021-06,1
SRER,2021-07,1305
SRER,2021-08,1650
SRER,2021-09,456
SRER,2021-10,31
ONAQ,2014-05,501
ONAQ,2014-06,47
ONAQ,2014-07,110
ONAQ,2014-08,56
ONAQ,2014-09,83
ONAQ,2014-10,17
ONAQ,2016-04,2136
ONAQ,2016-05,4849
ONAQ,2016-06,412
ONAQ,2016-07,7.0
ONAQ,2016-08,4
ONAQ,2016-09,8
ONAQ,2016-10,1
ONAQ,2016-11,0.0
ONAQ,2017-02,0.0
ONAQ,2017-03,70
ONAQ,2017-04,185
ONAQ,2017-05,1969
ONAQ,2017-06,139.0
ONAQ,2017-07,114
ONAQ,2017-08,126.0
ONAQ,2017-09,9
ONAQ,2017-10,2
ONAQ,2017-11,2
ONAQ,2018-02,0.0
ONAQ,2018-03,0.0
ONAQ,2018-04,1
ONAQ,2018-05,560
ONAQ,2018-06,10
ONAQ,2018-07,5
ONAQ,2018-08,16
ONAQ,2018-09,5
ONAQ,2018-10,1
ONAQ,2018-11,0.0
ONAQ,2019-03,0.0
ONAQ,2019-04,32
ONAQ,2019-05,544
ONAQ,2019-06,87
ONAQ,2019-07,21
ONAQ,2019-08,57
ONAQ,2019-09,128
ONAQ,2019-10,1
ONAQ,2019-11,0.0
ONAQ,2020-03,0.0
ONAQ,2020-04,0.0
ONAQ,2020-05,0.0
ONAQ,2020-06,0.0
ONAQ,2020-07,0.0
ONAQ,2020-08,0.0
ONAQ,2020-09,0.0
ONAQ,2020-10,0.0
ONAQ,2020-11,0.0
ONAQ,2020-12,0.0
ONAQ,2021-01,0.0
ONAQ,2021-02,0.0
ONAQ,2021-03,0.0
ONAQ,2021-04,0.0
ONAQ,2021-05,0.0
ONAQ,2021-06,7
ONAQ,2021-07,1022
ONAQ,2021-08,23
ONAQ,2021-09,65
ONAQ,2021-10,0.0
ABBY,2016-09,3.0
ABBY,2016-10,1.0
ABBY,2016-11,4.0
ABBY,2017-02,0.0
ABBY,2017-03,1
ABBY,2017-04,4
ABBY,2017-05,0.0
ABBY,2017-06,16.0
ABBY,2017-07,14
ABBY,2017-08,12
ABBY,2017-09,3
ABBY,2017-10,2
ABBY,2017-11,2
ABBY,2017-12,0.0
ABBY,2018-05,11.0
ABBY,2018-06,29.0
ABBY,2018-07,25
ABBY,2018-08,14
ABBY,2018-09,1
ABBY,2018-10,0.0
ABBY,2019-05,1
ABBY,2019-07,31
ABBY,2019-08,0
ABBY,2019-09,0
ABBY,2019-10,0
ABBY,2019-11,1
ABBY,2019-12,0
ABBY,2020-05,0.0
ABBY,2020-06,0.0
ABBY,2020-07,0.0
ABBY,2020-08,8
ABBY,2020-09,5
ABBY,2020-10,3
ABBY,2020-11,6
ABBY,2021-04,0
ABBY,2021-05,5
ABBY,2021-06,40
ABBY,2021-07,17
ABBY,2021-08,3
ABBY,2021-09,1
ABBY,2021-10,0
WREF,2018-02,0.0
WREF,2018-03,0.0
WREF,2018-04,3
WREF,2018-05,20
WREF,2018-06,328
WREF,2018-07,400.0
WREF,2018-08,53
WREF,2018-09,5.0
WREF,2018-10,1.0
WREF,2018-11,0.0
WREF,2019-04,0.0
WREF,2019-05,2
WREF,2019-06,100
WREF,2019-07,363
WREF,2019-08,93
WREF,2019-09,13
WREF,2019-10,0
WREF,2019-11,0
WREF,2019-12,0.0
WREF,2020-03,0.0
WREF,2020-04,0.0
WREF,2020-05,0.0
WREF,2020-06,0.0
WREF,2020-07,32
WREF,2020-08,86
WREF,2020-09,10
WREF,2020-10,0
WREF,2020-11,0.0
WREF,2020-12,0.0
WREF,2021-01,0.0
WREF,2021-02,0.0
WREF,2021-03,0.0
WREF,2021-04,2
WREF,2021-05,1
WREF,2021-06,74
WREF,2021-07,55
WREF,2021-08,18
WREF,2021-09,1
WREF,2021-10,0
SJER,2016-11,9
SJER,2016-12,5.0
SJER,2017-01,4.0
SJER,2017-02,7.0
SJER,2017-03,7.0
SJER,2017-04,181.0
SJER,2017-05,94.0
SJER,2017-06,137
SJER,2017-07,160
SJER,2017-08,205
SJER,2017-09,459
SJER,2017-10,150
SJER,2017-11,38.0
SJER,2017-12,3.0
SJER,2018-01,9.0
SJER,2018-02,21
SJER,2018-03,17.0
SJER,2018-04,4.0
SJER,2018-05,20.0
SJER,2018-06,46.0
SJER,2018-07,48
SJER,2018-08,36
SJER,2018-09,61
SJER,2018-10,87.0
SJER,2018-11,33
SJER,2018-12,4.0
SJER,2019-01,2.0
SJER,2019-02,0.0
SJER,2019-03,3
SJER,2019-04,26
SJER,2019-05,30
SJER,2019-06,45
SJER,2019-07,84
SJER,2019-08,96
SJER,2019-09,103
SJER,2019-10,24
SJER,2019-11,42
SJER,2019-12,8
SJER,2020-01,2
SJER,2020-02,5
SJER,2020-03,7
SJER,2020-04,0.0
SJER,2020-05,0.0
SJER,2020-06,0.0
SJER,2020-07,0.0
SJER,2020-08,0.0
SJER,2020-09,0.0
SJER,2020-10,14
SJER,2020-11,0.0
SJER,2020-12,0.0
SJER,2021-01,0.0
SJER,2021-02,0.0
SJER,2021-03,34
SJER,2021-04,3
SJER,2021-05,25
SJER,2021-06,79
SJER,2021-07,0.0
SJER,2021-08,46
SJER,2021-09,17
SJER,2021-10,0.0
SOAP,2018-05,32.0
SOAP,2018-06,3.0
SOAP,2018-07,5.0
SOAP,2018-08,2
SOAP,2018-09,1.0
SOAP,2019-01,25
SOAP,2019-03,1
SOAP,2019-05,11
SOAP,2019-06,15
SOAP,2019-07,12
SOAP,2019-08,4
SOAP,2019-09,5
SOAP,2019-11,20
SOAP,2019-12,0.0
SOAP,2020-01,0
SOAP,2020-02,9
SOAP,2020-03,0.0
SOAP,2020-04,0.0
SOAP,2020-05,0.0
SOAP,2020-06,0.0
SOAP,2020-07,0.0
SOAP,2020-08,0.0
SOAP,2020-09,0.0
SOAP,2020-10,0.0
SOAP,2020-11,0.0
SOAP,2020-12,0.0
SOAP,2021-01,0.0
SOAP,2021-02,0.0
SOAP,2021-03,0.0
SOAP,2021-04,12
SOAP,2021-05,22
SOAP,2021-06,5
SOAP,2021-07,0.0
SOAP,2021-08,0.0
SOAP,2021-09,14
SOAP,2021-10,0.0
TEAK,2019-06,4
TEAK,2019-07,2584
TEAK,2019-08,69
TEAK,2019-09,4
TEAK,2019-10,2
TEAK,2020-05,0.0
TEAK,2020-06,0.0
TEAK,2020-07,0.0
TEAK,2020-08,0.0
TEAK,2020-09,0.0
TEAK,2020-10,0.0
TEAK,2021-05,0.0
TEAK,2021-06,178
TEAK,2021-07,21
TEAK,2021-08,6
TEAK,2021-09,0.0
TEAK,2021-10,0.0
BARR,2017-07,2516.0
BARR,2017-08,0.0
BARR,2017-09,0.0
BARR,2018-06,0.0
BARR,2018-07,1769.0
BARR,2018-08,13.0
BARR,2018-09,12
BARR,2018-10,0.0
BARR,2019-06,0
BARR,2019-07,68
BARR,2019-08,1
BARR,2019-09,0.0
BARR,2019-10,0.0
BARR,2020-05,0.0
BARR,2020-06,0.0
BARR,2021-06,0.0
BARR,2021-07,0.0
BARR,2021-08,0.0
BARR,2021-09,0.0
TOOL,2017-07,5663.0
TOOL,2017-08,413.0
TOOL,2017-09,1.0
TOOL,2017-10,0.0
TOOL,2018-05,7.0
TOOL,2018-06,137.0
TOOL,2018-07,4970
TOOL,2018-08,275.0
TOOL,2018-09,0.0
TOOL,2018-10,0.0
TOOL,2019-05,0.0
TOOL,2019-06,4007
TOOL,2019-07,7343
TOOL,2019-08,23
TOOL,2019-09,0
TOOL,2019-10,0.0
TOOL,2020-05,0.0
TOOL,2020-06,2154
TOOL,2020-07,5726
TOOL,2020-08,1126
TOOL,2020-09,0.0
TOOL,2020-10,0.0
TOOL,2020-11,0.0
TOOL,2020-12,0.0
TOOL,2021-01,0.0
TOOL,2021-02,0.0
TOOL,2021-03,0.0
TOOL,2021-04,0.0
TOOL,2021-05,0.0
TOOL,2021-06,2255
TOOL,2021-07,8089
TOOL,2021-08,9
TOOL,2021-09,0.0
TOOL,2021-10,0.0
BONA,2017-06,3190
BONA,2017-07,2542.0
BONA,2017-08,359.0
BONA,2017-09,8.0
BONA,2017-10,0.0
BONA,2018-04,5
BONA,2018-05,3450
BONA,2018-06,7419
BONA,2018-07,3098
BONA,2018-08,234.0
BONA,2018-09,15.0
BONA,2018-10,0.0
BONA,2019-04,0.0
BONA,2019-05,6665
BONA,2019-06,5995
BONA,2019-07,1183
BONA,2019-08,209
BONA,2019-09,312
BONA,2019-10,0.0
BONA,2019-11,0.0
BONA,2020-03,0.0
BONA,2020-04,0.0
BONA,2020-05,0.0
BONA,2020-06,7731
BONA,2020-07,6098
BONA,2020-08,712
BONA,2020-09,31
BONA,2020-10,3
BONA,2020-11,0.0
BONA,2020-12,0.0
BONA,2021-01,0.0
BONA,2021-02,0.0
BONA,2021-03,0.0
BONA,2021-04,383
BONA,2021-05,4498
BONA,2021-06,7163
BONA,2021-07,5127
BONA,2021-08,230
BONA,2021-09,38
BONA,2021-10,0.0
DEJU,2016-07,437
DEJU,2016-08,298.0
DEJU,2017-05,1568
DEJU,2017-06,2314.0
DEJU,2017-07,571.0
DEJU,2017-08,97.0
DEJU,2017-09,0.0
DEJU,2017-10,0.0
DEJU,2018-05,535
DEJU,2018-06,1475
DEJU,2018-07,91
DEJU,2018-08,16.0
DEJU,2018-09,4.0
DEJU,2018-10,0.0
DEJU,2019-04,17
DEJU,2019-05,1080
DEJU,2019-06,242
DEJU,2019-07,236
DEJU,2019-08,95
DEJU,2019-09,1
DEJU,2019-10,0.0
DEJU,2020-04,0.0
DEJU,2020-05,0.0
DEJU,2020-06,0.0
DEJU,2020-07,4360
DEJU,2020-08,67
DEJU,2020-09,0
DEJU,2020-10,0.0
DEJU,2021-04,0.0
DEJU,2021-05,1736
DEJU,2021-07,3409
DEJU,2021-08,8
DEJU,2021-09,0.0
HEAL,2015-07,1755
HEAL,2015-08,755
HEAL,2015-09,0.0
HEAL,2016-05,1589.0
HEAL,2016-06,12842.0
HEAL,2016-07,5385
HEAL,2016-08,1189
HEAL,2017-05,1195
HEAL,2017-06,1724
HEAL,2017-07,1730
HEAL,2017-08,805.0
HEAL,2017-09,0.0
HEAL,2017-10,0.0
HEAL,2018-05,412
HEAL,2018-06,481
HEAL,2018-07,378
HEAL,2018-08,76
HEAL,2018-09,4
HEAL,2018-10,0.0
HEAL,2019-04,1
HEAL,2019-05,13
HEAL,2019-06,816
HEAL,2019-07,1508
HEAL,2019-08,235
HEAL,2019-09,0.0
HEAL,2019-10,0.0
HEAL,2020-04,0.0
HEAL,2020-05,0.0
HEAL,2020-06,0.0
HEAL,2020-07,4264
HEAL,2020-08,81
HEAL,2020-09,0
HEAL,2020-10,0.0
HEAL,2021-04,0.0
HEAL,2021-05,14
HEAL,2021-06,2762
HEAL,2021-07,2331
HEAL,2021-08,17
HEAL,2021-09,0.0
PUUM,2018-09,0.0
PUUM,2018-10,4
PUUM,2018-11,0.0
PUUM,2018-12,0.0
PUUM,2019-01,1
PUUM,2019-02,0.0
PUUM,2019-03,1
PUUM,2019-04,0.0
PUUM,2019-05,3
PUUM,2019-06,1
PUUM,2019-07,1
PUUM,2019-09,1
PUUM,2019-10,2
PUUM,2019-11,0
PUUM,2019-12,1
PUUM,2020-01,0.0
PUUM,2020-02,2
PUUM,2020-03,0.0
PUUM,2020-04,0.0
PUUM,2020-05,0.0
PUUM,2020-06,0.0
PUUM,2020-07,1
PUUM,2020-08,3
PUUM,2020-09,2
PUUM,2020-10,2
PUUM,2020-11,3
PUUM,2020-12,0.0
PUUM,2021-01,0.0
PUUM,2021-02,0.0
PUUM,2021-03,1
PUUM,2021-04,0.0
PUUM,2021-05,0.0
PUUM,2021-06,0.0
PUUM,2021-07,2
PUUM,2021-08,0.0
PUUM,2021-09,0.0
