location,date,decimalLatitude,decimalLongitude,mean_wind_speed_1,mean_wind_speed_5,mean_wind_speed_16,mean_wind_speed_22,mean_wind_speed_30,mean_pres,mean_humid,mean_shortRad,mean_temp,mean_precip,total_count,total_rate
HARV,2016/5,42.53691,-72.17265,0.233666667,0.533333333,0.679666667,nan,2.095,97.26306233,68.298,216.2723333,21.63375714,nan,1449,0
HARV,2016/6,42.53691,-72.17265,0.138965517,0.380344828,0.386470588,nan,2.009310345,97.15945931,66.46482759,274.9189655,17.9915,nan,4919,0
HARV,2016/7,42.53691,-72.17265,0.124333333,0.352,nan,nan,1.764,97.32475833,72.10833333,257.5916667,21.48092,nan,10268,0
HARV,2016/8,42.53691,-72.17265,0.115666667,0.339310345,0.298333333,nan,1.755714286,97.61842483,75.12,235.7977778,21.78630741,nan,3783,0
HARV,2016/9,42.53691,-72.17265,0.145384615,0.371923077,0.343333333,nan,1.82037037,97.8812275,72.37928571,181.4462963,16.83484444,nan,396,0
HARV,2017/5,42.53691,-72.17265,0.239666667,0.529666667,0.663,1.152666667,2.765714286,97.06201833,71.28966667,182.8593333,11.47382667,4.68,2016,0
HARV,2017/6,42.53691,-72.17265,0.158965517,0.406,0.37,0.752413793,nan,97.18491172,68.5937931,238.5086207,17.87230345,3.625862069,4211,0
HARV,2017/7,42.53691,-72.17265,0.126333333,0.345,0.303333333,0.57,nan,97.405674,73.27933333,225.877,19.46485667,1.731666667,5410,0
HARV,2017/8,42.53691,-72.17265,0.111,0.332,0.287,0.554,1.623793103,97.63683467,72.214,219.249,18.72284333,2.199333333,3248,0
HARV,2017/9,42.53691,-72.17265,0.136551724,0.386896552,0.351034483,0.697586207,1.917931034,97.62938448,75.85551724,163.4892593,17.5266069,2.293103448,753,0
HARV,2017/10,42.53691,-72.17265,0.182857143,0.433,0.424333333,0.798,2.040333333,97.79548667,74.76033333,119.5083333,13.54517333,6.850333333,115,0
HARV,2018/5,42.53691,-72.17265,0.221176471,0.485,0.561666667,0.986,1.982666667,97.62545533,nan,227.692,15.58267333,0.213333333,1808,0
HARV,2018/6,42.53691,-72.17265,0.14,0.39,0.335517241,0.687931034,1.915172414,97.35645828,nan,251.6655172,17.16600345,4.549655172,4972,0
HARV,2018/7,42.53691,-72.17265,0.122,0.344333333,0.293666667,0.588333333,1.716333333,97.87616233,nan,265.7776667,21.50588333,4.437,6442,0
HARV,2018/8,42.53691,-72.17265,0.113,0.319333333,0.269666667,0.524,1.593,97.63915667,70.12,195.213,20.89488667,6.455666667,2115,0
HARV,2018/9,42.53691,-72.17265,0.132413793,0.343793103,0.292413793,0.594827586,1.669655172,98.05416207,83.03482759,142.8617241,16.62417586,6.715517241,2062,0
HARV,2018/10,42.53691,-72.17265,0.188666667,0.419333333,0.394,0.76,2.021666667,97.37802667,80.86033333,93.85533333,8.158313333,2.602333333,144,0
HARV,2019/5,42.53691,-72.17265,0.246333333,0.521666667,0.721333333,1.053,nan,97.24251333,72.552,193.0893333,11.50794333,2.478333333,497,0
HARV,2019/6,42.53691,-72.17265,0.154137931,0.375517241,0.35862069,0.512857143,1.795384615,97.17709483,70.02724138,246.7068966,17.74422414,3.135862069,2855,0
HARV,2019/7,42.53691,-72.17265,0.111666667,0.329333333,0.289333333,0.509,1.535,97.365158,70.99,266.6976667,22.13144667,3.153666667,6469,0
HARV,2019/8,42.53691,-72.17265,0.114333333,0.318666667,0.285666667,0.520666667,1.573,97.38230167,74.76233333,232.648,19.36616333,2.263666667,3409,0
HARV,2019/9,42.53691,-72.17265,0.13137931,0.357586207,0.322173913,0.603913043,1.754482759,97.74420552,74.35642857,188.9635714,15.67696786,1.723103448,295,0
HARV,2021/6,42.53691,-72.17265,0.166896552,0.357586207,0.32862069,0.605517241,1.780344828,97.41137552,70.2762069,264.2282759,19.68838276,2.277241379,4281,0
HARV,2021/7,42.53691,-72.17265,0.154,0.353,0.334333333,0.631333333,1.645666667,97.40708767,84.18038462,189.1923333,18.43051,6.808333333,3382,0
HARV,2021/8,42.53691,-72.17265,0.145,0.326666667,0.310666667,0.576,1.566666667,97.65129867,81.95636364,193.2876667,21.04991667,2.945333333,2696,0
HARV,2021/9,42.53691,-72.17265,0.156551724,0.365172414,0.335172414,0.651111111,1.79,97.46227276,81.45172414,166.9906897,12.9581,4.401724138,711,0
HARV,2021/10,42.53691,-72.17265,0.202333333,0.431333333,0.430333333,1.1332,1.787666667,97.33105633,81.73333333,112.462,nan,3.484666667,190,0
SCBI,2018/7,38.892925,-78.139494,0.146333333,0.491333333,0.406666667,1.349666667,1.857666667,97.65055633,71.02,216.1193333,22.86533333,4.613,464,0
SCBI,2018/8,38.892925,-78.139494,0.135333333,0.470333333,0.391666667,1.201,1.620666667,97.58474133,71.94347826,226.4948148,23.2877,4.311,65,0
SCBI,2018/9,38.892925,-78.139494,0.166153846,0.539230769,0.445384615,1.275384615,1.723846154,97.80647769,87.65769231,127.3888462,19.40226538,3.015517241,582,0
SCBI,2020/7,38.892925,-78.139494,0.113666667,0.502333333,0.434333333,1.300666667,1.795,97.39965433,64.45466667,273.7403333,25.40068333,1.014,19,0
SCBI,2020/8,38.892925,-78.139494,0.119655172,0.507586207,0.427241379,1.314137931,1.843103448,97.41381414,74.69034483,205.3475862,22.76773793,2.807,39,0
SCBI,2020/9,38.892925,-78.139494,0.15862069,0.533793103,0.468965517,1.387931034,1.974827586,97.75346552,72.99344828,185.082069,18.10912069,2.085172414,28,0
OSBS,2014/8,29.689289,-81.993431,0.269166667,0.4755,0.75125,0.702916667,1.946666667,100.981696,nan,224.0675,26.32737917,nan,12534,0
OSBS,2014/9,29.689289,-81.993431,0.238965517,0.419655172,0.636896552,0.725862069,1.783793103,101.0410876,nan,170.9027586,24.46748966,nan,12499,0
OSBS,2016/3,29.689289,-81.993431,0.53862069,0.816666667,0.957666667,1.008333333,2.286363636,101.2602723,74.904,199.674,21.40588261,nan,4681,0
OSBS,2016/4,29.689289,-81.993431,0.4675,0.700833333,0.899655172,1.114137931,2.437931034,101.1770445,70.84172414,252.8148276,21.30912414,nan,5614,0
OSBS,2016/5,29.689289,-81.993431,0.564545455,0.654545455,0.938636364,0.984545455,2.175454545,101.0510373,68.01272727,303.5336364,24.47014091,nan,6381,0
OSBS,2016/6,29.689289,-81.993431,0.273103448,0.61137931,0.797931034,0.843793103,1.948275862,101.0435093,77.82206897,255.8872414,27.44438966,nan,7384,0
OSBS,2016/7,29.689289,-81.993431,0.237619048,0.661363636,0.770416667,0.724333333,1.772666667,101.3607548,77.0124,263.6872,28.554816,nan,5806,0
OSBS,2016/8,29.689289,-81.993431,0.232666667,0.631666667,0.756333333,0.861333333,2.241153846,nan,80.26133333,220.777,27.41735,nan,5186,0
OSBS,2016/9,29.689289,-81.993431,0.215517241,0.584137931,0.645263158,0.751724138,1.83,nan,80.97862069,208.0127586,26.29388621,2.26875,4826,0
OSBS,2016/10,29.689289,-81.993431,0.274827586,0.697586207,nan,1.137241379,2.438275862,nan,75.59285714,182.7589655,22.21552069,4.060333333,6686,0
OSBS,2016/11,29.689289,-81.993431,0.225862069,0.583448276,nan,0.878965517,1.966551724,101.3773074,70.12413793,148.702069,18.3751069,2.219310345,2244,0
OSBS,2017/2,29.689289,-81.993431,0.456666667,0.805925926,0.937407407,1.032962963,2.356296296,101.1528181,71.45740741,173.5803704,17.9495,1.948888889,3467,0
OSBS,2017/3,29.689289,-81.993431,0.475,0.83,0.909333333,1.084666667,2.406,101.5515067,63.808,223.6756667,17.75815667,1.731333333,3669,0
OSBS,2017/4,29.689289,-81.993431,0.267931034,0.755517241,0.885517241,1.056206897,2.460344828,101.1138172,64.36241379,260.6386207,21.94874138,3.064827586,1887,0
OSBS,2017/5,29.689289,-81.993431,0.330666667,0.827666667,0.962666667,1.052,2.44,100.8468297,65.87166667,282.4936667,24.44608667,4.405666667,1757,0.019230769
OSBS,2017/6,29.689289,-81.993431,0.254482759,0.587241379,0.684827586,0.797586207,1.807931034,100.9455331,84.31,212.43,24.98446552,7.791034483,7610,0
OSBS,2017/7,29.689289,-81.993431,0.258,0.604333333,0.679,0.714,1.809,101.1260143,81.19433333,237.31,26.51354333,3.745666667,9547,0
OSBS,2017/8,29.689289,-81.993431,0.246,0.58,0.628,0.680909091,1.762962963,101.0938264,83.70066667,208.6106667,26.54122333,0,7977,0
OSBS,2017/9,29.689289,-81.993431,0.311818182,0.696363636,0.776818182,1.265,2.315,100.7637241,79.855,192.1004545,25.60845909,0,8259,0
OSBS,2017/10,29.689289,-81.993431,0.319333333,0.730666667,0.801666667,1.140714286,2.471666667,101.0947357,75.103,184.1403333,22.41818,0,8529,0
OSBS,2017/11,29.689289,-81.993431,0.289310345,0.622068966,0.66137931,1.034482759,2.140689655,101.2007307,79.40655172,145.26,18.21548621,0,5959,0
OSBS,2017/12,29.689289,-81.993431,0.343103448,0.688,0.750666667,0.954,2.108,101.5150933,78.27433333,116.9316667,14.52991,2.708666667,1723,0
OSBS,2018/1,29.689289,-81.993431,1,0.839,0.87,1.237333333,2.416,101.918498,69.529,128.8183333,10.80986667,1.323333333,5021,0
OSBS,2018/2,29.689289,-81.993431,0.48962963,0.785925926,0.828148148,1.04962963,2.2,101.9672874,80.00148148,146.7855556,19.1788037,1.25962963,6057,0
OSBS,2018/3,29.689289,-81.993431,0.592333333,0.956666667,1.044,1.170666667,2.506,101.3511047,58.968,227.6516667,15.98766667,2.356666667,2570,0
OSBS,2018/4,29.689289,-81.993431,0.276551724,0.859310345,0.987931034,1.184137931,2.486111111,101.2440352,72.61034483,243.2844828,19.61328966,7.491724138,3576,0
OSBS,2018/5,29.689289,-81.993431,0.260666667,0.622333333,0.728666667,0.973,nan,101.2457057,78.556,214.8086667,23.30765,5.727666667,3961,0
OSBS,2018/6,29.689289,-81.993431,0.250689655,0.654642857,0.739310345,0.751724138,1.845,101.1861086,81.01482759,249.6510345,25.82216897,3.266206897,3726,0
OSBS,2018/7,29.689289,-81.993431,0.242666667,0.604,0.678,0.725333333,1.789666667,101.243687,83.744,211.8843333,26.21593,2.887666667,4348,0
OSBS,2018/8,29.689289,-81.993431,0.251666667,0.6,0.631333333,0.723333333,1.795333333,101.4453953,81.56866667,231.52,26.3296,3.433666667,4208,0
OSBS,2018/9,29.689289,-81.993431,0.262758621,0.57862069,0.59862069,0.778965517,1.881724138,101.2107621,81.664375,218.0486207,26.73109655,3.538275862,4242,0
OSBS,2018/10,29.689289,-81.993431,0.292,0.637666667,0.688,0.974333333,2.203666667,101.2856213,77.44166667,175.3246667,23.21650333,2.155,5725,0
OSBS,2018/11,29.689289,-81.993431,0.305517241,0.632068966,0.71,0.942413793,1.974827586,101.3793776,80.49413793,121.1751724,17.58682414,3.626206897,1340,0
OSBS,2018/12,29.689289,-81.993431,0.376333333,0.688,0.766666667,0.937666667,2.083333333,101.4265697,79.64933333,106.9693333,14.88166333,7.007333333,983,0
OSBS,2019/1,29.689289,-81.993431,0.507,0.821333333,0.887,1.118333333,2.265,101.4609723,68.775,140.844,12.95967333,4.738,850,0
OSBS,2019/2,29.689289,-81.993431,0.514074074,0.783703704,1.251904762,1.022592593,2.081851852,101.4254915,75.58259259,145.5566667,18.63779259,2.44,2939,0
OSBS,2019/3,29.689289,-81.993431,0.5744,0.8748,0.955,1.243846154,2.413076923,101.4474992,66.08571429,214.1882143,17.367075,2.256,2808,0
OSBS,2019/4,29.689289,-81.993431,0.582068966,0.862413793,0.795625,1.046206897,2.279655172,101.1563156,67.77172414,258.8924138,21.03128621,3.523793103,6887,0
OSBS,2019/5,29.689289,-81.993431,0.249666667,0.76,0.774333333,0.933333333,2.076333333,101.0251493,65.51142857,279.183,25.22215333,3.84,4119,0
OSBS,2019/6,29.689289,-81.993431,0.246206897,0.766206897,0.813793103,0.899310345,2.103103448,101.0348145,76.25208333,235.2672414,26.34756552,5.353448276,4386,0
OSBS,2019/7,29.689289,-81.993431,0.181333333,0.616333333,0.630666667,0.742333333,1.658666667,101.1342987,79.14608696,230.7313333,26.28169333,2.697666667,3919,0
OSBS,2019/8,29.689289,-81.993431,0.190666667,0.657666667,0.657666667,0.772,1.869333333,100.9489203,81.08366667,220.1773333,26.51712,4.23,4543,0
OSBS,2019/9,29.689289,-81.993431,0.208965517,0.755862069,0.735517241,1.11137931,2.356206897,101.0117879,73.05793103,229.932069,26.3476,1.966551724,3927,0
OSBS,2019/10,29.689289,-81.993431,0.213333333,0.684666667,0.689,1.018333333,2.182333333,100.9893227,77.38130435,165.6043333,23.79454,2.326333333,5956,0
OSBS,2019/11,29.689289,-81.993431,0.292758621,0.685862069,0.702068966,1.059655172,2.115862069,101.2139234,76.336,137.4458621,16.50712759,2.354482759,1147,0
OSBS,2019/12,29.689289,-81.993431,0.41,0.818666667,0.877,1.21,2.469666667,101.2095167,79.449,114.378,16.27949,0.152333333,2532,0
OSBS,2020/1,29.689289,-81.993431,0.467666667,0.781333333,0.842666667,1.110666667,2.278333333,101.5530977,73.01433333,130.1493333,15.43827667,1.503666667,326,0
OSBS,2020/2,29.689289,-81.993431,0.551428571,0.906071429,0.969642857,1.152857143,2.451785714,101.4020436,76.38035714,159.2464286,15.73006429,2.514285714,2033,0.041666667
OSBS,2020/3,29.689289,-81.993431,0.5,0.851,0.881333333,0.976666667,2.252333333,101.487791,69.817,220.6903333,21.44407,2.237,3036,0
OSBS,2020/6,29.689289,-81.993431,0.222413793,0.623103448,0.652413793,0.794482759,1.767931034,101.1196041,84.11827586,238.6772414,25.55818276,7.066206897,2107,0
OSBS,2020/7,29.689289,-81.993431,0.235333333,0.686666667,0.700333333,0.792333333,2.007333333,101.0332467,85.33066667,252.6146667,26.87846667,2.647666667,2045,0
OSBS,2020/10,29.689289,-81.993431,0.267,0.660333333,0.657666667,1.019166667,2.158666667,101.0347747,92.30833333,159.005,23.52753,3.356,3243,0.03125
OSBS,2020/11,29.689289,-81.993431,0.332413793,0.757931034,0.747931034,1.163793103,2.425517241,101.3775514,88.95137931,129.9531034,19.93152069,2.535172414,1975,0
OSBS,2020/12,29.689289,-81.993431,0.364666667,0.682,0.698333333,0.914,2.008,101.4161453,73.25933333,127.5476667,13.03572333,2.311333333,425,0
OSBS,2021/1,29.689289,-81.993431,0.466666667,0.786296296,0.813,0.924666667,2.094333333,101.3112853,73.09366667,126.0253333,13.44026333,1.330333333,459,0
OSBS,2021/2,29.689289,-81.993431,0.522962963,0.882666667,0.844074074,1.007037037,2.161481481,101.2346548,74.5,154.6325926,16.16389259,5.232592593,588,0
OSBS,2021/3,29.689289,-81.993431,0.567826087,0.907391304,0.882666667,1.186,2.385333333,101.4352693,72.47166667,201.482,18.23211667,4.804,1930,0
OSBS,2021/4,29.689289,-81.993431,0.6775,0.8775,0.772413793,0.977241379,2.119655172,101.0786383,68.40862069,233.0262069,19.8649931,4.616551724,5506,0
OSBS,2021/5,29.689289,-81.993431,0.478333333,0.881,0.848666667,1.129333333,2.440666667,101.3302286,66.66533333,284.1583333,23.20736,1.6,3467,0
OSBS,2021/6,29.689289,-81.993431,0.301785714,0.705,0.7225,0.851785714,1.9525,101.1481564,84.02392857,192.7817857,25.05988621,5.325172414,1594,0
OSBS,2021/7,29.689289,-81.993431,0.281333333,0.677333333,0.704166667,0.783666667,1.836,101.1408579,82.97592593,211.4776667,26.08792,7.106666667,4548,0
OSBS,2021/9,29.689289,-81.993431,0.211034483,0.572083333,0.527241379,0.703103448,1.591034483,101.0264976,86.64,195.96,24.77677931,3.72862069,6199,0
OSBS,2021/10,29.689289,-81.993431,0.213,0.636071429,0.568,0.805666667,1.807666667,100.9388857,77.13166667,171.2236667,22.52353333,2.762,3713,0
GUAN,2018/6,17.969511,-66.868664,0.521034483,0.528965517,1.67137931,3.055517241,nan,100.3629538,76.03931034,275.2375862,26.83317241,0.026206897,209,0
GUAN,2018/7,17.969511,-66.868664,0.546666667,0.499,1.423333333,3.162666667,nan,100.3468973,74.01566667,287.941,27.38434333,0.086,614,0
GUAN,2018/8,17.969511,-66.868664,0.511333333,0.447666667,1.248666667,2.914,nan,100.3062833,74.345,269.3503333,27.31433,1.021333333,170,0
GUAN,2018/9,17.969511,-66.868664,0.443103448,0.392413793,1.082413793,2.505862069,nan,100.0124807,74.93068966,249.6962069,27.40786552,2.245862069,710,0
GUAN,2018/10,17.969511,-66.868664,0.340333333,0.302666667,0.82,2.063333333,nan,99.98335733,75.331,206.1346667,26.74795,2.003333333,2362,0
GUAN,2018/11,17.969511,-66.868664,0.379655172,0.33862069,0.951034483,2.365862069,nan,100.0741193,74.3262069,204.642069,26.25708621,1.631034483,1344,0
GUAN,2018/12,17.969511,-66.868664,0.495,0.424666667,1.185333333,2.823333333,nan,100.3975473,70.10766667,209.043,25.50702667,0.266,252,0
GUAN,2019/1,17.969511,-66.868664,0.469333333,0.400333333,1.098333333,2.650333333,nan,100.3772673,71.094,205.7423333,24.5416,0.903333333,53,0
GUAN,2019/3,17.969511,-66.868664,0.487692308,0.415925926,1.135769231,2.616923077,nan,100.2272446,72.3588,269.5276,24.48708889,1.955666667,451,0
GUAN,2019/4,17.969511,-66.868664,0.555172414,0.46862069,1.437931034,3.082413793,nan,100.1095197,71.59551724,291.1468966,25.23568571,1.424482759,60,0
GUAN,2019/5,17.969511,-66.868664,0.551666667,0.463333333,1.402916667,2.949166667,nan,100.0289092,75.35583333,271.4383333,26.14172917,0.316333333,204,0
GUAN,2019/6,17.969511,-66.868664,0.543448276,0.529655172,1.61862069,3.030344828,nan,100.1768445,73.65689655,279.2106897,27.40648621,0,28,0
GUAN,2019/7,17.969511,-66.868664,0.525,0.572666667,1.693,2.934,nan,100.1347513,71.57733333,269.3143333,27.76408333,0.023666667,58,0
GUAN,2019/8,17.969511,-66.868664,0.543793103,0.612413793,1.759655172,2.986551724,nan,100.0782669,72.95172414,262.87,28.01828966,1.035,46,0
GUAN,2019/9,17.969511,-66.868664,0.395185185,0.346666667,0.995555556,2.212962963,nan,99.81090778,76.86444444,221.4888889,27.82624444,4.36862069,1162,0
GUAN,2019/10,17.969511,-66.868664,0.348888889,0.305333333,0.846666667,2.181333333,nan,99.83069867,72.22,232.3796667,27.41637667,1.811,3569,0
GUAN,2019/11,17.969511,-66.868664,0.360689655,0.313448276,0.85,2.117241379,nan,99.75681966,71.6237931,221.0431034,26.71427931,0.982068966,2992,0
GUAN,2019/12,17.969511,-66.868664,0.58625,0.386206897,1.070689655,2.579655172,nan,99.96194207,74.10413793,197.2186207,26.2532931,1.694666667,1056,0
GUAN,2020/8,17.969511,-66.868664,0.434333333,0.382,1.045,2.550666667,nan,99.92964,nan,277.813,nan,2.074333333,2360,0
GUAN,2020/9,17.969511,-66.868664,0.359310345,0.316206897,0.848275862,2.133103448,nan,99.78720621,nan,254.8013793,nan,1.65,1083,0
GUAN,2020/10,17.969511,-66.868664,0.413333333,0.363333333,1.005333333,2.441,nan,99.78552467,75.2204,171.484,27.15661667,1.475333333,329,0
GUAN,2020/11,17.969511,-66.868664,0.399310345,0.332758621,1.003793103,2.404482759,nan,99.81906966,76.99551724,188.4254545,25.61267241,7.486551724,1209,0
GUAN,2020/12,17.969511,-66.868664,0.343666667,0.276666667,0.843333333,2.073666667,nan,99.95390167,71.048,206.3606667,25.22772667,0.773666667,1412,0
GUAN,2021/1,17.969511,-66.868664,0.361,0.309666667,0.95,2.292666667,nan,100.0827097,70.181,209.0603333,24.66435667,0.57,102,0
GUAN,2021/7,17.969511,-66.868664,0.593333333,0.610333333,1.506,3.179333333,nan,100.21147,73.679,279.8273333,27.10692308,0.671,213,0
GUAN,2021/8,17.969511,-66.868664,0.493,0.440333333,1.127,2.627,nan,100.0214943,74.15433333,280.8163333,27.25394333,2.542,462,0
GUAN,2021/9,17.969511,-66.868664,0.407142857,0.374782609,0.946521739,2.260869565,nan,99.9420313,74.31695652,332.5278261,27.66796087,1.661034483,182,0
GUAN,2021/10,17.969511,-66.868664,0.440344828,0.40137931,1.029310345,2.481034483,nan,99.89607621,74.37758621,259.7968966,26.92206552,1.151,1269,0
UNDE,2016/5,46.23391,-89.537254,0.364333333,0.743,0.873333333,1.543,2.172666667,nan,58.47866667,233.3934483,12.40865517,nan,4765,0
UNDE,2016/6,46.23391,-89.537254,0.326896552,0.510689655,0.472068966,1.298965517,2.162068966,nan,68.46586207,233.17,16.48246207,nan,14400,0
UNDE,2016/7,46.23391,-89.537254,0.246896552,0.464137931,0.442413793,1.215172414,2.055555556,nan,72.21689655,nan,19.62740345,nan,15408,0
UNDE,2016/8,46.23391,-89.537254,0.242,0.4048,0.37,1.1048,1.7668,nan,77.2744,nan,19.82627143,nan,10332,0.005050505
UNDE,2016/9,46.23391,-89.537254,0.270833333,0.5,0.455,1.2275,2.2275,nan,nan,nan,nan,nan,6634,0
UNDE,2016/10,46.23391,-89.537254,0.378666667,0.747333333,0.813928571,1.650357143,2.306071429,95.43700667,79.5425,71.49666667,4.795141667,nan,1755,0
UNDE,2017/5,46.23391,-89.537254,0.443333333,0.813333333,0.8872,1.628333333,2.225,95.02988,66.70566667,202.796,9.589337931,3.398333333,596,0
UNDE,2017/6,46.23391,-89.537254,0.2984,0.455862069,0.432413793,1.19862069,2.046153846,94.93777862,70.16103448,228.3172414,17.20095185,3.763103448,15415,0.00130039
UNDE,2017/8,46.23391,-89.537254,0.282142857,0.395666667,0.387,1.1,1.790666667,95.515787,78.825625,193.9071429,15.79862667,4.110666667,9868,0
UNDE,2017/9,46.23391,-89.537254,0.29137931,0.457586207,0.443448276,1.22137931,2.052592593,95.49825931,79.71931034,156.3306897,15.34869655,3.161034483,1593,0
UNDE,2017/10,46.23391,-89.537254,0.423703704,0.764074074,0.904615385,1.7068,2.512,95.10385367,74.12941176,99.97633333,8.33073,5.101333333,331,0
UNDE,2018/5,46.23391,-89.537254,0.394333333,0.769583333,0.833,1.421724138,2.092,95.40349933,55.692,257.29,15.48915333,1.639333333,4021,0
UNDE,2018/6,46.23391,-89.537254,0.273793103,0.496551724,0.554137931,1.049090909,2.085172414,95.38125,68.40517241,255.2831034,17.69854483,4.636206897,8163,0.00407332
UNDE,2018/7,46.23391,-89.537254,0.275333333,0.414,0.512666667,1.057307692,1.849,95.77183633,70.25266667,257.241,19.46426667,2.348666667,8092,0
UNDE,2018/8,46.23391,-89.537254,0.244666667,0.386333333,0.498,0.909333333,1.63,95.497148,79.92,194.5086667,18.43334333,3.061,5389,0
UNDE,2018/9,46.23391,-89.537254,0.27137931,0.454482759,0.556551724,1.062758621,1.987241379,95.79891483,80.37793103,152.5762069,15.179656,4.435517241,357,0
UNDE,2019/6,46.23391,-89.537254,0.294827586,0.471034483,0.441724138,1.066551724,1.860344828,95.24192138,66.2,260.5255172,16.03767241,1.730689655,8722,0.007233273
UNDE,2019/7,46.23391,-89.537254,0.273666667,0.423,0.410333333,1.099333333,1.800666667,95.38466133,70.35333333,264.1253333,20.15518333,3.946333333,8060,0.004739336
UNDE,2019/8,46.23391,-89.537254,0.245666667,0.389666667,0.368666667,0.959333333,1.698333333,95.33131967,74.106,210.5873333,16.89666333,2.311,10624,0
UNDE,2019/9,46.23391,-89.537254,0.319310345,0.538275862,0.492413793,1.241724138,2.115172414,95.38968379,84.68482759,124.3241379,14.21598276,4.934482759,648,0
UNDE,2019/10,46.23391,-89.537254,0.442333333,0.809333333,0.956666667,1.859333333,2.622,95.09189433,78.17033333,86.464,4.712836667,2.466666667,39,0
UNDE,2020/6,46.23391,-89.537254,0.33862069,0.552758621,0.483793103,1.221724138,2.159655172,95.25054586,63.86,272.0796552,17.79075862,2.024482759,7770,0
UNDE,2020/7,46.23391,-89.537254,0.286,0.436,0.379333333,0.994333333,1.726333333,95.33884267,74.34366667,253.1016667,20.26187333,4.923333333,8149,0
UNDE,2020/8,46.23391,-89.537254,0.285,0.461666667,0.407,1.047,1.810666667,95.334344,76.41066667,207.8123333,18.37353667,4.280333333,5660,0
UNDE,2020/9,46.23391,-89.537254,0.31137931,0.499310345,0.455862069,1.188965517,1.96862069,95.4113069,76.91,149.3841379,12.17865172,3.207931034,1493,0
UNDE,2020/10,46.23391,-89.537254,0.447333333,0.815,0.979333333,1.810333333,2.381,95.358573,75.942,86.62433333,2.62409,2.422333333,63,0
UNDE,2021/5,46.23391,-89.537254,0.412,0.737666667,0.757666667,1.456,2.140666667,95.72827533,63.44,202.5563333,10.94424333,1.978333333,4065,0
UNDE,2021/6,46.23391,-89.537254,0.266666667,0.513333333,0.411111111,1.091111111,1.891111111,95.04261556,62.62333333,268.9644444,22.54714444,2.94,7878,0
UNDE,2021/7,46.23391,-89.537254,0.26,0.401578947,0.360526316,0.928421053,1.621052632,95.59903579,68.82421053,262.3236842,20.41058947,2.223666667,12033,0
UNDE,2021/8,46.23391,-89.537254,0.257333333,0.468666667,0.373,1.007333333,1.752333333,95.40342367,74.61733333,207.174,19.37982,1.811333333,2490,0
UNDE,2021/9,46.23391,-89.537254,0.297241379,0.464705882,0.441724138,1.150344828,1.936206897,95.27992069,73.28034483,169.9131034,14.61391724,2.973103448,230,0
UNDE,2021/10,46.23391,-89.537254,0.407333333,0.795666667,0.905333333,1.57,2.089,95.27320633,79.49233333,93.08133333,10.12348333,1.304666667,93,0
KONZ,2016/5,39.100781,-96.563083,1.571,3.357333333,4.145,nan,nan,96.59174767,nan,236.23,nan,nan,375,0
KONZ,2016/6,39.100781,-96.563083,0.591333333,3.311034483,4.245862069,nan,nan,96.58217172,nan,311.1737931,nan,nan,739,0
KONZ,2016/7,39.100781,-96.563083,nan,3.331666667,4.158928571,nan,nan,96.50666233,nan,268.4286667,nan,nan,271,0
KONZ,2016/8,39.100781,-96.563083,nan,2.678333333,3.590333333,nan,nan,96.67446333,nan,225.6196667,nan,nan,1569,0
KONZ,2016/9,39.100781,-96.563083,nan,2.83862069,4.186206897,nan,nan,96.77204655,55.775,204.8037931,16.54843333,nan,1596,0
KONZ,2016/10,39.100781,-96.563083,0.451666667,3.109666667,4.575416667,nan,nan,96.72973033,66.831,153.8826667,16.7271,nan,904,0
KONZ,2017/4,39.100781,-96.563083,1.412608696,3.904782609,5.179583333,nan,nan,96.406496,64.37541667,200.9354167,14.88197917,nan,78,0
KONZ,2017/5,39.100781,-96.563083,0.971034483,3.273103448,4.414285714,nan,nan,96.39230414,57.425,318.61375,19.48865,nan,280,0
KONZ,2017/6,39.100781,-96.563083,0.444482759,3.489310345,4.684482759,nan,nan,96.46450759,63.66275862,300.2006897,24.25402414,3.326666667,555,0
KONZ,2017/8,39.100781,-96.563083,0.312666667,2.302666667,2.883809524,nan,nan,96.868685,71.17333333,243.595,22.19319412,2.339333333,513,0
KONZ,2017/9,39.100781,-96.563083,0.769642857,3.254827586,4.446896552,nan,nan,96.80660379,60.90172414,196.8810345,22.42712069,0.549655172,247,0.058823529
KONZ,2018/5,39.100781,-96.563083,1.375517241,3.011724138,3.879333333,nan,nan,96.28713367,64.052,264.369,22.41057667,2.394,83,0
KONZ,2018/8,39.100781,-96.563083,0.840689655,5.23375,4.405333333,nan,nan,96.48362,67.27066667,225.9133333,24.9726,2.942666667,707,0
KONZ,2018/9,39.100781,-96.563083,1.054285714,3.501034483,4.472413793,nan,nan,96.70672966,76.27068966,171.8762069,20.72961724,2.377241379,342,0
KONZ,2019/5,39.100781,-96.563083,1.332333333,3.460666667,3.668571429,nan,nan,96.21823067,75.35566667,213.2466667,16.67006667,7.111666667,356,0
KONZ,2019/6,39.100781,-96.563083,0.389545455,3.043181818,4.521666667,nan,nan,96.42751179,67.36517241,291.3617241,22.79959655,3.884137931,571,0
KONZ,2019/7,39.100781,-96.563083,0.187333333,3.096,4.020333333,nan,nan,96.65435333,66.95233333,295.54,25.54405,1.714,999,0
KONZ,2019/8,39.100781,-96.563083,0.13,2.222,2.838,nan,nan,96.56460367,77.646,212.004,24.01720333,5.043333333,230,0
KONZ,2019/9,39.100781,-96.563083,0.277931034,3.571724138,4.841724138,nan,nan,96.55452276,70.80413793,200.0258621,23.93986552,0.957586207,626,0
KONZ,2019/10,39.100781,-96.563083,0.374666667,2.973,4.157666667,nan,nan,96.70586133,63.81933333,142.4793333,10.44449,1.509,58,0
KONZ,2020/6,39.100781,-96.563083,0.468275862,3.89173913,4.854666667,nan,nan,96.34388,65.0662069,311.6934483,25.17377241,1.682068966,618,0
KONZ,2020/7,39.100781,-96.563083,0.226,2.795833333,3.260333333,nan,nan,96.55035367,76.16666667,242.8906667,25.62009,2.311,328,0
KONZ,2020/8,39.100781,-96.563083,0.248666667,2.692666667,3.653666667,nan,nan,96.588703,68.11633333,258.609,24.336,1.453,92,0
KONZ,2021/6,39.100781,-96.563083,0.380689655,2.81,3.644482759,nan,nan,96.43683966,66.00586207,292.65,25.04693793,1.360344828,406,0
KONZ,2021/7,39.100781,-96.563083,0.242666667,2.570869565,3.343,nan,nan,96.78100933,70.678,273.9333333,25.28051333,3.153333333,817,0
KONZ,2021/9,39.100781,-96.563083,0.343103448,3.297586207,4.463793103,nan,nan,96.60270586,62.0237931,205.6251724,22.96172857,2.466551724,241,0
KONZ,2021/10,39.100781,-96.563083,0.402666667,3.02137931,4.022,nan,nan,96.464492,64.35733333,138.6283333,15.52681,1.788,54,0
ORNL,2016/3,35.964135,-84.282592,0.545,0.805333333,0.926666667,1.901666667,2.392,97.62887367,60.41633333,167.942,13.33208333,nan,58,0
ORNL,2016/4,35.964135,-84.282592,0.607692308,0.787777778,0.847222222,1.852777778,2.452777778,97.84807444,45.57166667,231.6083333,13.84866111,nan,196,0
ORNL,2016/5,35.964135,-84.282592,0.270666667,0.342857143,0.208,0.86,1.438,97.71421333,nan,280.5257143,20.90595,nan,207,0
ORNL,2016/6,35.964135,-84.282592,0.27,0.36,0.189310345,1.079655172,1.582068966,97.58585276,nan,287.9189655,24.53258966,nan,120,0
ORNL,2016/7,35.964135,-84.282592,0.271481481,0.382222222,0.239259259,1.08,1.591851852,97.72642815,nan,265.9818519,25.94765556,nan,196,0
ORNL,2016/8,35.964135,-84.282592,0.2895,0.409,0.2395,1.189,1.674,97.8390285,nan,251.9625,25.920565,nan,429,0
ORNL,2016/9,35.964135,-84.282592,0.305862069,0.392758621,0.229310345,1.238333333,1.624827586,97.77522207,nan,225.6155172,24.2939931,nan,716,0
ORNL,2016/10,35.964135,-84.282592,0.302666667,0.405333333,0.273666667,1.234761905,1.781666667,97.98327333,44.475,174.5746667,19.20068333,nan,191,0
ORNL,2017/4,35.964135,-84.282592,0.44862069,0.697586207,0.637586207,1.722758621,2.31137931,97.52290448,nan,216.5403448,18.41545517,5.54,342,0
ORNL,2017/5,35.964135,-84.282592,0.272142857,0.424827586,0.294444444,1.313214286,1.903214286,97.26158423,67.88272727,241.3514286,19.56046071,2.425,579,0
ORNL,2017/6,35.964135,-84.282592,0.259565217,0.407241379,0.236818182,1.141724138,1.632068966,97.50838931,71.71689655,253.652069,22.39205862,0.877586207,351,0
ORNL,2017/7,35.964135,-84.282592,0.250666667,0.382,0.253333333,1.004666667,1.433666667,97.599754,75.847,262.991,24.11228333,2.082333333,955,0
ORNL,2017/8,35.964135,-84.282592,0.255,0.38,0.269666667,1.112,1.566666667,97.56823633,75.24166667,233.0753333,23.37706667,2.272333333,1376,0
ORNL,2017/9,35.964135,-84.282592,0.284482759,0.403793103,0.309090909,1.203448276,1.666551724,97.57051172,72.48137931,196.9772414,20.3145931,1.741724138,1021,0
ORNL,2017/10,35.964135,-84.282592,0.275714286,0.401666667,0.315,1.174,1.641333333,97.64612235,70.86233333,152.0106667,15.36017308,3.814,351,0
ORNL,2017/11,35.964135,-84.282592,0.380689655,0.527931034,0.613103448,1.4292,1.783103448,97.83409069,66.51482759,108.7634483,10.85178571,2.046896552,36,0
ORNL,2018/6,35.964135,-84.282592,0.24,0.387777778,0.241111111,1.077037037,1.584074074,97.71490731,74.91769231,256.3384615,23.91361154,2.998275862,118,0
ORNL,2018/7,35.964135,-84.282592,0.239666667,0.363333333,0.230666667,1.025217391,1.486666667,97.90440567,74.73666667,258.6023333,24.58057,1.348,194,0
ORNL,2018/8,35.964135,-84.282592,0.227,0.349,0.228,0.999666667,1.436666667,98.025444,77.22633333,219.6973333,23.75491667,0,993,0
ORNL,2018/9,35.964135,-84.282592,0.239310345,0.356896552,0.234137931,1.081724138,1.504137931,97.98407759,80.48448276,169.1024138,23.33036207,0,571,0
ORNL,2018/10,35.964135,-84.282592,0.248,0.374230769,0.269230769,1.200769231,1.656538462,98.02638038,74.93038462,150.3957692,16.70948846,0,263,0
ORNL,2019/4,35.964135,-84.282592,0.392962963,0.638275862,0.529655172,1.577931034,2.154827586,97.6677331,60.18689655,233.7024138,17.16316207,3.233103448,95,0
ORNL,2019/6,35.964135,-84.282592,0.233571429,0.400714286,0.260714286,1.199285714,1.706071429,97.51940857,70.2575,236.9414286,22.24774286,5.505517241,61,0
ORNL,2019/7,35.964135,-84.282592,0.227,0.382,0.24137931,0.996333333,1.403333333,97.69703867,78.22166667,253.2236667,24.52928667,3.620333333,98,0
ORNL,2019/8,35.964135,-84.282592,0.232666667,0.355,0.226666667,0.964666667,1.337666667,97.545849,75.21466667,239.6723333,24.31341667,2.267333333,789,0
ORNL,2019/9,35.964135,-84.282592,0.243103448,0.355862069,0.232758621,0.952068966,1.336206897,97.80459966,63.2137931,229.3834483,25.01243448,1.037931034,667,0
ORNL,2019/10,35.964135,-84.282592,0.261666667,0.395,0.305666667,1.218666667,1.673333333,97.64401967,72.70866667,142.4653333,16.93076,4.070333333,74,0
ORNL,2020/6,35.964135,-84.282592,0.226896552,0.394827586,0.223448276,1.348965517,1.655862069,97.64157069,79.65,253.3148276,22.42733793,3.915172414,73,0
ORNL,2020/7,35.964135,-84.282592,0.229,0.381333333,0.216333333,1.117333333,1.429666667,97.59060467,71.24833333,271.684,25.61787667,2.426333333,164,0
ORNL,2020/8,35.964135,-84.282592,0.220333333,0.374333333,0.209666667,1.162,1.376,97.527978,78.364,216.4453333,23.77327,4.186333333,426,0
ORNL,2020/9,35.964135,-84.282592,0.242068966,0.39137931,0.2655,1.519655172,1.705172414,97.75918931,76.24965517,186.6324138,20.59851724,4.224827586,375,0
ORNL,2020/10,35.964135,-84.282592,0.253333333,0.399333333,0.278666667,1.229,1.561,97.80370667,73.01466667,147.247,16.64591333,6.021,92,0
ORNL,2021/6,35.964135,-84.282592,0.224482759,0.384827586,0.194827586,1.007586207,1.522758621,97.67576483,73.27517241,261.2072414,23.0854,3.816206897,65,0
ORNL,2021/7,35.964135,-84.282592,0.220333333,0.373333333,0.197666667,0.987,1.491,97.74366033,78.843,254.047,24.05981667,2.668333333,356,0
ORNL,2021/8,35.964135,-84.282592,0.216333333,0.363333333,0.191,0.936,1.359333333,97.78001833,80.86166667,220.384,24.19354333,5.480666667,379,0
ORNL,2021/9,35.964135,-84.282592,0.225517241,0.320344828,0.192068966,0.933103448,1.377241379,97.75034308,80.01896552,203.6858621,20.68294483,1.942068966,489,0
ORNL,2021/10,35.964135,-84.282592,0.240666667,0.384,0.221333333,1.032666667,1.525,97.55262867,83.54066667,130.0006667,16.5254,4.411,57,0
TALL,2016/3,32.950461,-87.393269,1.051785714,1.573,3.178333333,3.759,nan,99.71561167,50.75,178.0156667,15.46132,nan,69,0
TALL,2016/4,32.950461,-87.393269,0.750689655,1.316551724,2.754482759,3.177241379,nan,99.75003276,58.46533333,238.6375862,18.2071931,nan,786,0
TALL,2016/5,32.950461,-87.393269,0.475666667,1.167333333,2.542,2.937333333,nan,99.65036833,nan,267.3866667,21.63304333,nan,1593,0
TALL,2016/6,32.950461,-87.393269,0.4025,0.958333333,2.076521739,2.319166667,nan,99.63221042,nan,280.6068182,26.40511,nan,986,0
TALL,2016/7,32.950461,-87.393269,0.485333333,1.108,2.384666667,2.704666667,nan,99.780787,nan,265.1706667,26.99618333,nan,283,0
TALL,2016/8,32.950461,-87.393269,0.375666667,0.835,1.761333333,2.168,nan,99.66510533,nan,237.374,26.81543,nan,845,0
TALL,2016/9,32.950461,-87.393269,0.393448276,0.912413793,2.014137931,2.431034483,nan,99.72089517,nan,228.1027586,26.17942069,nan,464,0
TALL,2016/10,32.950461,-87.393269,0.442,1.023333333,2.337666667,2.912333333,nan,99.96635533,nan,198.1723333,22.24058667,nan,752,0
TALL,2016/11,32.950461,-87.393269,0.496206897,1.167586207,2.572758621,3.136206897,nan,100.0622597,nan,136.4496552,15.71615517,nan,226,0
TALL,2017/2,32.950461,-87.393269,0.865925926,1.505185185,2.918518519,nan,nan,99.71040778,66.93222222,130.5988889,nan,nan,169,0
TALL,2017/3,32.950461,-87.393269,0.851875,1.459375,3.032333333,nan,nan,100.4592625,59.32766667,179.0973333,nan,nan,588,0
TALL,2017/4,32.950461,-87.393269,nan,nan,3.036896552,3.429166667,nan,nan,61.92310345,244.9465517,nan,nan,2117,0
TALL,2017/5,32.950461,-87.393269,0.547333333,1.271,2.710333333,3.187666667,nan,99.383842,68.42433333,244.609,nan,nan,3344,0
TALL,2017/6,32.950461,-87.393269,0.454827586,1.055172414,2.267931034,2.763103448,nan,99.49628483,79.65,227.7665517,nan,nan,2624,0
TALL,2017/7,32.950461,-87.393269,0.405666667,0.937666667,2.008666667,2.378333333,nan,99.69202733,76.445,263.0353333,nan,2.296666667,2067,0
TALL,2017/8,32.950461,-87.393269,0.373333333,0.843333333,1.837,2.246666667,nan,99.58365767,78.48533333,196.795,25.37609655,2.126,1019,0
TALL,2017/9,32.950461,-87.393269,0.357857143,0.797307692,1.829642857,2.33037037,nan,99.54870138,69.06034483,215.5362069,23.16816667,1.751724138,705,0.02173913
TALL,2017/10,32.950461,-87.393269,0.526333333,1.091666667,2.447,3.078333333,nan,99.78409567,71.52333333,169.2393333,18.49442414,2.756666667,535,0
TALL,2018/2,32.950461,-87.393269,0.873333333,1.541851852,3.00037037,3.567407407,nan,100.4797307,80.02703704,103.2859259,13.83526296,0.709259259,236,0
TALL,2018/4,32.950461,-87.393269,0.72,1.508965517,3.07,3.635517241,nan,99.86938621,61.08724138,238.3517241,15.54667931,3.713793103,163,0
TALL,2018/5,32.950461,-87.393269,0.56,0.992,2.142,2.559333333,nan,99.804585,69.27533333,247.0303333,23.60535333,2.429,1224,0
TALL,2018/6,32.950461,-87.393269,0.505517241,1.046206897,2.193793103,2.564137931,nan,99.78678517,71.29965517,278.2541379,26.02825926,1.885172414,1046,0.014285714
TALL,2018/7,32.950461,-87.393269,0.41,0.899642857,1.854642857,2.281428571,nan,99.83222444,76.02107143,243.0428571,26.38153043,3.379666667,236,0
TALL,2018/8,32.950461,-87.393269,0.462666667,1.050333333,2.155,2.552333333,nan,100.0445213,76.702,229.4926667,25.60003333,2.717,176,0
TALL,2018/9,32.950461,-87.393269,0.395517241,1.034,1.92,2.36862069,nan,99.89367414,78.00206897,192.9693103,25.51477241,3.039655172,429,0
TALL,2018/10,32.950461,-87.393269,0.441,nan,2.215,2.812666667,nan,100.034432,70.31633333,158.642,19.68445667,0.608,364,0
TALL,2019/4,32.950461,-87.393269,0.673448276,1.366206897,2.896206897,3.372758621,nan,99.5398331,64.42793103,234.6086207,18.4286,3.195517241,162,0
TALL,2019/5,32.950461,-87.393269,0.471111111,1.156666667,2.483333333,2.883,nan,99.62618278,68.16,271.9943333,23.63402667,2.185333333,1009,0
TALL,2019/6,32.950461,-87.393269,0.436206897,1.11,2.452758621,2.87,nan,99.51597655,71.55862069,262.3682759,24.99605862,0.698275862,231,0
TALL,2019/7,32.950461,-87.393269,0.384827586,0.930333333,2.074333333,2.468333333,nan,99.700355,71.87533333,255.3986667,26.28869667,0,369,0
TALL,2019/8,32.950461,-87.393269,0.364333333,0.89,1.905333333,2.324333333,nan,99.52007467,73.33833333,247.9063333,26.22828,0,214,0
TALL,2019/9,32.950461,-87.393269,0.359655172,0.90137931,1.939655172,2.448275862,nan,99.7491669,58.67586207,244.637931,27.65694138,0,228,0
TALL,2019/10,32.950461,-87.393269,0.409,1.014333333,2.191333333,2.730333333,nan,99.60947067,74.09433333,125.608,19.12353,0,115,0
TALL,2020/3,32.950461,-87.393269,0.64,1.499666667,2.990333333,3.503333333,nan,99.954632,76.958,147.509,17.45266,0,138,0
TALL,2020/7,32.950461,-87.393269,nan,0.866333333,1.878666667,2.218,nan,99.58748133,78.47233333,247.7526667,26.10397333,3.628,176,0
TALL,2020/8,32.950461,-87.393269,nan,0.914,1.958666667,2.369,nan,99.478769,77.31733333,232.7786667,25.79856667,0.286666667,288,0
TALL,2020/9,32.950461,-87.393269,nan,0.917586207,2.049655172,2.644827586,nan,99.62175276,77.33827586,188.8303448,22.82766207,0.014827586,411,0
TALL,2020/10,32.950461,-87.393269,nan,1.034666667,2.211333333,2.809,nan,99.72617667,75.164,168.3923333,19.30817667,0,615,0
TALL,2021/3,32.950461,-87.393269,0.837666667,1.462,2.863666667,3.449333333,nan,100.0034087,63.594,164.8873333,15.55047333,0,57,0
TALL,2021/4,32.950461,-87.393269,0.567241379,1.286551724,2.7,3.214482759,nan,99.64165759,54.18653846,250.5772414,17.40107241,0,637,0
TALL,2021/5,32.950461,-87.393269,0.437666667,1.18,2.629666667,3.195666667,nan,99.92355033,62.62384615,268.066,20.92989,4.080333333,970,0
TALL,2021/6,32.950461,-87.393269,0.380689655,0.999655172,2.254827586,2.727586207,nan,99.64275414,78.35068966,227.5862069,24.2242931,4.12,327,0
TALL,2021/7,32.950461,-87.393269,0.345172414,0.869,1.878333333,2.266666667,nan,99.74585759,81.95466667,231.945,24.97556333,1.647666667,143,0
TALL,2021/9,32.950461,-87.393269,0.289655172,0.794137931,1.769655172,2.25137931,nan,99.6827869,77.52103448,189.0865517,22.89795517,2.896206897,296,0
TALL,2021/10,32.950461,-87.393269,0.403666667,1.049666667,2.354,2.900333333,nan,99.57819833,76.205,163.3836667,19.38170333,2.824,173,0
WOOD,2016/5,47.128223,-99.241321,1.807241379,3.904137931,4.675333333,nan,nan,94.392258,60.417,250.8923333,13.86232333,nan,93,0
WOOD,2016/6,47.128223,-99.241321,0.87137931,3.733103448,4.649310345,nan,nan,94.49720138,68.78689655,299.6996552,18.61902069,nan,5775,0
WOOD,2016/7,47.128223,-99.241321,0.695,3.123,3.972333333,nan,nan,94.38663933,77.256,248.486,20.27218,nan,5505,0
WOOD,2016/8,47.128223,-99.241321,0.498666667,2.923666667,3.817333333,nan,nan,94.573947,73.2524,246.3336667,19.57127333,nan,5365,0
WOOD,2016/9,47.128223,-99.241321,0.611818182,3.544615385,4.398275862,nan,nan,94.58062897,nan,149.6841379,13.86297931,nan,5407,0
WOOD,2016/10,47.128223,-99.241321,nan,3.8056,4.8228,nan,nan,94.4337416,nan,94.8928,6.7208,nan,267,0
WOOD,2017/5,47.128223,-99.241321,1.860689655,4.280333333,5.053666667,nan,nan,94.312142,57.363,257.752,12.52151333,nan,112,0
WOOD,2017/6,47.128223,-99.241321,0.903214286,3.873448276,4.796551724,nan,nan,94.16782483,61.26137931,280.7772414,17.85986897,nan,5147,0
WOOD,2017/7,47.128223,-99.241321,0.739642857,3.007857143,3.570333333,nan,nan,94.68307464,64.36518519,296.4174074,21.89991111,nan,7643,0
WOOD,2017/8,47.128223,-99.241321,0.762,2.597,3.244666667,nan,nan,94.72939133,67.77592593,207.9536667,18.64546471,nan,7424,0
WOOD,2017/9,47.128223,-99.241321,1.643793103,3.705517241,4.65,nan,nan,94.52523241,68.29206897,157.4937931,14.22730345,nan,3619,0
WOOD,2018/5,47.128223,-99.241321,1.682666667,3.377333333,3.996666667,nan,nan,94.40727467,56.97,247.3963333,16.20514,1.034333333,1352,0
WOOD,2018/6,47.128223,-99.241321,1.080344828,3.433793103,4.199310345,nan,nan,94.29720655,65.34517241,272.0893103,19.68554138,3.035517241,3300,0
WOOD,2018/7,47.128223,-99.241321,0.481666667,3.026,3.798333333,nan,nan,94.90949667,68.32166667,282.2616667,20.83455333,2.525333333,3708,0.00862069
WOOD,2018/8,47.128223,-99.241321,0.436666667,2.922666667,3.669666667,nan,nan,94.514771,67.334,226.8113333,19.58202,2.006666667,2911,0
WOOD,2018/9,47.128223,-99.241321,0.857241379,3.696206897,4.460344828,nan,nan,94.75053621,72.40862069,160.667931,12.4794931,1.14137931,496,0
WOOD,2019/6,47.128223,-99.241321,0.886538462,3.24862069,4.062068966,nan,nan,94.34137724,65.8526087,245.1510345,17.50146897,2.477586207,3635,0
WOOD,2019/7,47.128223,-99.241321,0.447666667,2.584666667,3.323333333,nan,nan,94.55382567,70.19241379,276.2603333,20.60575,3.237333333,5867,0
WOOD,2019/8,47.128223,-99.241321,0.317333333,2.831333333,3.908,nan,nan,94.51406267,74.618,213.2603333,17.59969,3.981666667,2085,0
WOOD,2019/9,47.128223,-99.241321,0.570689655,3.434137931,4.557586207,nan,nan,94.33005621,78.92517241,143.4051724,14.3490069,4.464137931,3958,0
WOOD,2019/10,47.128223,-99.241321,1.63,5.152666667,6.284,nan,nan,94.276007,76.929,90.121,2.400746667,2.593666667,396,0
WOOD,2020/6,47.128223,-99.241321,0.952068966,3.942413793,4.935517241,nan,nan,94.16911276,58.8537931,281.5782759,19.80699655,0.527586207,2335,0
WOOD,2020/7,47.128223,-99.241321,0.651666667,3.087666667,3.888666667,nan,nan,94.45919167,64.73733333,296.055,21.62688667,1.601,5413,0
WOOD,2020/8,47.128223,-99.241321,0.725,3.073,3.776666667,nan,nan,94.41164667,69.49038462,235.171,20.32361333,1.114666667,4092,0
WOOD,2020/9,47.128223,-99.241321,1.417241379,3.854482759,4.742758621,nan,nan,94.64228207,63.71206897,168.4168966,13.77294138,0.304137931,1298,0
WOOD,2021/6,47.128223,-99.241321,1.391034483,3.543448276,4.31137931,nan,nan,94.29847724,53.11,290.3844828,21.22099655,1.615517241,473,0
WOOD,2021/7,47.128223,-99.241321,1.246333333,3.405,4.113666667,nan,nan,94.69069233,61.067,261.3386667,23.11420333,0.178666667,2290,0.022727273
WOOD,2021/8,47.128223,-99.241321,1.531333333,3.752666667,4.552333333,nan,nan,94.31763033,65.045,213.9056667,20.71071,1.282,1279,0.0625
WOOD,2021/9,47.128223,-99.241321,1.535517241,3.641034483,4.458965517,nan,nan,94.37241966,60.6937931,181.6134483,16.77538621,1.486206897,1030,0
CPER,2014/6,40.815538,-104.74559,1.232380952,2.894736842,3.502380952,nan,nan,83.192956,nan,298.5088462,17.93064286,nan,509,0
CPER,2014/7,40.815538,-104.74559,1.029655172,2.577241379,3.134827586,nan,nan,83.68573867,nan,269.6023333,21.38115,nan,2214,0.042105263
CPER,2014/8,40.815538,-104.74559,0.925862069,2.588666667,3.176333333,nan,nan,83.536462,nan,250.918,20.34635862,nan,6691,0.038461538
CPER,2014/9,40.815538,-104.74559,1.148214286,2.804827586,3.3425,nan,nan,83.50660069,nan,186.7525,16.49960345,nan,170,0
CPER,2016/6,40.815538,-104.74559,0.745862069,2.973793103,3.39862069,nan,nan,83.55858552,48.03206897,308.6851724,22.70747143,nan,188,0
CPER,2016/7,40.815538,-104.74559,1.067,3.079666667,nan,nan,nan,83.46941533,49.775,287.5708,23.200224,2.238,306,0
CPER,2016/8,40.815538,-104.74559,1.200333333,3.079333333,3.255,nan,nan,83.61663067,nan,nan,nan,1.053333333,117,0
CPER,2017/6,40.815538,-104.74559,1.139642857,3.225,3.458461538,nan,nan,83.31905862,47.74,303.9568966,19.36926071,3.809310345,3875,0
CPER,2017/7,40.815538,-104.74559,1.005666667,2.657333333,3.034,nan,nan,83.70957067,49.31633333,264.2626667,22.73094333,3.935,79,0
CPER,2017/8,40.815538,-104.74559,0.967333333,2.570333333,2.958666667,nan,nan,83.641428,53.97866667,225.466,19.45279667,1.934666667,2467,0
CPER,2017/9,40.815538,-104.74559,1.14862069,2.835172414,3.260344828,nan,nan,83.45919414,51.7862069,190.4110345,16.06917586,2.374137931,117,0
CPER,2018/5,40.815538,-104.74559,1.297333333,2.883666667,3.293666667,nan,nan,83.295475,61.645,256.4816667,14.31596333,2.683333333,123,0
CPER,2018/6,40.815538,-104.74559,1.106153846,3.225384615,3.720384615,nan,nan,83.28007885,48.11807692,282.7180769,19.71324231,0.977931034,1136,0
CPER,2018/7,40.815538,-104.74559,1.221904762,3.078095238,3.501904762,nan,nan,83.85236952,57.60666667,284.2738095,21.35861429,0.857333333,46,0
CPER,2018/8,40.815538,-104.74559,1.243703704,3.026333333,3.47,nan,nan,83.601639,47.18033333,245.178,20.53514,1.209666667,139,0
CPER,2019/6,40.815538,-104.74559,1.157586207,2.96137931,3.445862069,nan,nan,83.37435517,54.63862069,277.5982759,16.93422069,1.648965517,314,0
CPER,2019/7,40.815538,-104.74559,0.993666667,2.795333333,3.291333333,nan,nan,83.58176567,54.09666667,295.825,21.59317222,1.415,1527,0
CPER,2019/8,40.815538,-104.74559,1.148333333,2.899,3.390333333,nan,nan,83.52264933,51.204,247.653,21.51896667,1.345333333,612,0
CPER,2019/9,40.815538,-104.74559,1.258571429,3.055357143,3.534285714,nan,nan,83.30111929,43.71,236.1903571,18.96282857,1.273793103,86,0
CPER,2020/8,40.815538,-104.74559,1.594666667,3.113333333,3.494666667,nan,nan,83.48335433,38.03133333,254.966,23.33598,2.277333333,72,0
CPER,2021/6,40.815538,-104.74559,1.243103448,2.97,3.324482759,nan,nan,83.40954241,48.50586207,292.7741379,20.73396897,2.957931034,95,0
CPER,2021/7,40.815538,-104.74559,1.037,2.647333333,3.118666667,nan,nan,83.69988833,50.145,276.845,22.82844667,2.975333333,1423,0
CPER,2021/8,40.815538,-104.74559,1.089,2.824666667,3.331333333,nan,nan,83.46291533,40.18533333,258.2026667,22.12619333,3.517333333,625,0
CPER,2021/9,40.815538,-104.74559,1.275517241,3.15862069,3.717931034,nan,nan,83.54588069,36.74862069,232.8955172,18.83253103,3.301034483,54,0
CLBJ,2017/7,33.401231,-97.570033,0.185,0.321,1.084,1.67,nan,98.207168,62.658,317.026,29.06618,4.23,2366,0
CLBJ,2017/8,33.401231,-97.570033,0.188333333,0.375333333,1.110333333,1.751666667,nan,98.24046933,73.10133333,239.462,25.9775,3.519666667,4330,0
CLBJ,2017/9,33.401231,-97.570033,0.215517241,0.431071429,1.322068966,2.035172414,nan,98.30510793,65.30137931,216.9762069,23.9734069,3.121724138,1467,0
CLBJ,2017/10,33.401231,-97.570033,0.278695652,0.547826087,1.670666667,2.523666667,nan,98.48256,58.32866667,192.1216667,18.32569,2.963333333,987,0
CLBJ,2018/3,33.401231,-97.570033,0.560384615,1.062666667,2.296333333,2.965333333,nan,98.419039,56.04066667,210.2636667,15.07140667,2.595666667,1728,0
CLBJ,2018/4,33.401231,-97.570033,0.533448276,0.956206897,2.211724138,3.765833333,nan,98.43657655,57.98137931,247.6289655,14.78938966,2.390344828,1961,0
CLBJ,2018/5,33.401231,-97.570033,0.283,0.477333333,1.612,3.84,nan,98.14432133,65.89866667,296.351,24.64227,3.006333333,624,0
CLBJ,2018/6,33.401231,-97.570033,0.272068966,0.534827586,1.861724138,nan,nan,98.06572483,60.35586207,295.1286207,28.4104,2.262758621,120,0
CLBJ,2018/7,33.401231,-97.570033,0.296333333,0.423666667,1.193333333,nan,nan,98.39663,52.94766667,282.651,29.69691,2.328,264,0
CLBJ,2018/8,33.401231,-97.570033,0.262666667,0.480869565,1.473,2.745,nan,98.34623633,61.361,256.0973333,27.72073,3.035666667,168,0
CLBJ,2018/9,33.401231,-97.570033,0.206363636,0.414074074,1.137241379,1.779655172,nan,98.36072966,82.73241379,156.4710345,23.03442069,5.520344828,493,0
CLBJ,2018/10,33.401231,-97.570033,0.238333333,0.488666667,1.350666667,2.081666667,nan,98.52998767,79.86066667,126.716,16.90128,6.251666667,1015,0
CLBJ,2018/11,33.401231,-97.570033,0.347692308,0.725769231,1.707307692,2.492692308,nan,98.65489269,65.0328,143.0984615,10.29802692,3.138275862,698,0
CLBJ,2019/4,33.401231,-97.570033,0.353103448,0.728275862,2.102758621,2.92,nan,97.98682103,65.79206897,225.5682759,17.9384931,2.796206897,626,0
CLBJ,2019/5,33.401231,-97.570033,0.211666667,0.557333333,1.831333333,2.634,nan,97.91721833,72.63333333,237.6173333,21.56244,4.203666667,1558,0
CLBJ,2019/6,33.401231,-97.570033,0.144482759,nan,1.472758621,2.191034483,nan,98.09184069,72.32034483,275.6662069,24.6579,1.283448276,1612,0
CLBJ,2019/7,33.401231,-97.570033,0.141333333,0.37,1.359,2.060666667,nan,98.26082433,65.02633333,295.327,27.14205333,0.305,689,0
CLBJ,2019/8,33.401231,-97.570033,0.176,0.359333333,1.200333333,1.836666667,nan,98.08153567,64.224,250.6853333,28.69897333,1.583,139,0
CLBJ,2019/9,33.401231,-97.570033,0.186206897,0.389310345,1.302758621,1.941724138,nan,98.25982655,64.55655172,227.37,27.28394483,0.991034483,420,0
CLBJ,2021/5,33.401231,-97.570033,0.183,0.416666667,1.392666667,2.153333333,nan,98.32114767,79.35133333,199.6003333,20.00327667,3.394,690,0
CLBJ,2021/6,33.401231,-97.570033,0.142068966,0.330689655,1.230344828,1.896896552,nan,98.10247069,74.29758621,274.6610345,25.72942414,1.446551724,2928,0
CLBJ,2021/7,33.401231,-97.570033,0.147,0.314333333,1.069,1.659666667,nan,98.37017267,70.88233333,271.366,26.94297333,1.174666667,1427,0
CLBJ,2021/8,33.401231,-97.570033,0.154666667,0.338333333,1.210333333,1.872,nan,98.25236167,70.894,254.1183333,27.15435333,4.535,2064,0
CLBJ,2021/9,33.401231,-97.570033,0.164827586,0.331034483,1.024482759,1.673448276,nan,98.29291793,60.36689655,235.8610345,24.65432759,0.306206897,101,0
CLBJ,2021/10,33.401231,-97.570033,0.27,0.546666667,1.546666667,2.364666667,nan,98.199445,60.90766667,187.0953333,20.01362333,2.298666667,356,0
YELL,2019/7,44.953477,-110.539165,0.476666667,1.0544,1.359333333,1.665,nan,78.97716333,56.48366667,279.407,14.97815,1.513333333,2207,0
YELL,2019/8,44.953477,-110.539165,0.462,1.015333333,1.286333333,1.554666667,nan,78.953863,50.28633333,241.0363333,15.17086667,1.235333333,222,0
NIWO,2017/7,40.054269,-105.58238,1.389411765,2.635294118,2.996470588,nan,nan,67.55571176,61.87470588,221.9935294,11.12614706,3.35,7096,0
NIWO,2017/8,40.054269,-105.58238,1.737333333,3.425333333,3.936,nan,nan,67.37653633,56.81333333,226.9266667,9.05134,3.241666667,943,0
NIWO,2018/6,40.054269,-105.58238,2.18137931,4.097241379,4.764827586,nan,nan,67.02924724,40.63448276,290.6889655,9.920441379,1.786896552,2644,0
NIWO,2018/7,40.054269,-105.58238,1.617333333,2.993666667,3.446666667,nan,nan,67.62188367,51.662,250.3973333,11.68182667,1.414,2800,0
NIWO,2018/8,40.054269,-105.58238,1.994,4.038333333,4.622333333,nan,nan,67.29612227,51.31533333,243.024,9.961676667,1.351333333,37,0
NIWO,2019/7,40.054269,-105.58238,1.72625,3.629666667,4.138333333,nan,nan,67.468389,50.136,275.2403333,11.52410333,0,3677,0
NIWO,2019/8,40.054269,-105.58238,1.992758621,3.797586207,4.558214286,nan,nan,67.36649214,47.24321429,252.2039286,11.00361786,0,512,0
SRER,2021/7,31.910711,-110.83547,0.62,1.238333333,1.929333333,nan,nan,90.302874,59.244,249.0563333,26.79491333,6.047,1305,0
SRER,2021/8,31.910711,-110.83547,0.426666667,0.98,1.726666667,nan,nan,90.157252,56.51866667,272.2603333,26.68538,1.710333333,1650,0
SRER,2021/9,31.910711,-110.83547,0.450344828,0.959655172,1.77137931,nan,nan,90.2289269,46.94827586,244.1582759,25.64402069,0.327931034,456,0
ONAQ,2016/4,40.177599,-112.452429,0.891071429,2.3775,2.857407407,nan,nan,83.19168643,54.99961538,243.0853846,9.31947037,nan,2136,0
ONAQ,2016/5,40.177599,-112.452429,0.631666667,2.261,2.775333333,nan,nan,83.17643833,49.31633333,267.8136667,12.78125667,nan,4849,0
ONAQ,2016/6,40.177599,-112.452429,0.624482759,2.468965517,3.077586207,nan,nan,83.47196069,29.33241379,327.5065517,22.59318621,nan,412,0
ONAQ,2017/3,40.177599,-112.452429,0.802,2.304,2.85,nan,nan,83.400911,50.87033333,186.264,8.27045,nan,70,0
ONAQ,2017/4,40.177599,-112.452429,0.954827586,2.525,3.030689655,nan,nan,83.19500655,51.48413793,239.4862069,7.234406897,nan,185,0
ONAQ,2017/5,40.177599,-112.452429,0.778666667,2.191428571,2.727,nan,nan,83.18849867,45.80433333,295.8763333,14.608024,nan,1969,0
ONAQ,2017/6,40.177599,-112.452429,0.763103448,2.586896552,3.2952,nan,nan,83.28025655,28.36034483,353.1786207,21.76656786,nan,139,0
ONAQ,2017/7,40.177599,-112.452429,0.686666667,1.963,2.423,nan,nan,83.60400033,32.22166667,290.3716667,25.36220333,1.157826087,114,0
ONAQ,2017/8,40.177599,-112.452429,0.691,1.924333333,2.342,nan,nan,83.53997067,33.35366667,255.8103333,22.99651667,1.252,126,0
ONAQ,2018/5,40.177599,-112.452429,0.628333333,2.029,2.510666667,nan,nan,83.15448233,47.38666667,261.243,14.48995333,1.015666667,560,0
ONAQ,2019/5,40.177599,-112.452429,0.443666667,2.182,2.721,nan,nan,82.87946333,55.84366667,261.5206667,10.66039667,1.448666667,544,0
ONAQ,2019/6,40.177599,-112.452429,0.416896552,1.971,2.933793103,nan,nan,83.3745,37.64035714,322.5318519,17.73656429,0.301034483,87,0
ONAQ,2021/7,40.177599,-112.452429,0.596,2.005,2.495,nan,nan,83.622223,33.46566667,282.4663333,25.90978,0,1022,0
ONAQ,2021/9,40.177599,-112.452429,0.489655172,1.932068966,2.42137931,nan,nan,83.67678276,33.3112,238.1548276,18.68537931,0,65,0
TOOL,2017/7,68.66109,-149.37047,nan,2.380454545,2.829090909,nan,nan,91.66199409,76.63909091,159.2281818,12.29979545,3.059545455,5663,0
TOOL,2017/8,68.66109,-149.37047,1.422758621,2.531,3.021333333,nan,nan,91.128906,84.51217391,122.1344828,5.506230435,2.613333333,413,0
TOOL,2018/6,68.66109,-149.37047,1.490555556,2.793793103,3.181724138,nan,nan,91.43998552,75.60931034,240.3438889,5.21882069,1.734482759,137,0
TOOL,2018/7,68.66109,-149.37047,1.229375,2.694545455,3.262727273,nan,nan,91.99378227,74.5125,147.895,11.41400455,1.478333333,4970,0
TOOL,2018/8,68.66109,-149.37047,1.139444444,2.463333333,2.931666667,nan,nan,91.20374278,87.75111111,142.6388889,2.0381625,2.392,275,0
TOOL,2019/6,68.66109,-149.37047,1.102068966,2.567241379,3.283,nan,nan,nan,70.88125,227.967931,8.541106897,2.088275862,4007,0
TOOL,2019/7,68.66109,-149.37047,1.125666667,2.497333333,2.938571429,nan,nan,91.32083,77.745,209.4496552,12.91545172,0.660333333,7343,0
TOOL,2019/8,68.66109,-149.37047,0.63,2.842333333,3.248333333,nan,nan,92.12662967,84.851,104.1073333,4.476503333,1.078,23,0
BONA,2018/5,65.154044,-147.502561,0.369333333,0.719666667,1.285333333,1.926333333,nan,98.04507667,56.10033333,206.127,8.205493333,0,3450,0
BONA,2018/6,65.154044,-147.502561,0.311034483,0.639655172,1.106896552,1.619310345,nan,98.09642759,62.37965517,217.6510345,12.96657931,0.786896552,7419,0.002237136
BONA,2018/7,65.154044,-147.502561,0.3075,0.674,1.187,1.806,nan,98.854974,61.938,251.793,16.82523,0.450666667,3098,0
BONA,2018/8,65.154044,-147.502561,0.217666667,0.471,0.852,1.276666667,nan,98.15723833,81.285,105.3866667,10.93774,1.32,234,0
BONA,2019/5,65.154044,-147.502561,0.355,0.703666667,1.227666667,1.814,nan,98.19692633,56.59233333,212.2913333,9.935996296,1.357,6665,0
BONA,2019/6,65.154044,-147.502561,0.308275862,0.639655172,1.156666667,1.627241379,nan,98.57501655,59.90206897,242.9144828,15.72981852,1.056551724,5995,0
BONA,2019/7,65.154044,-147.502561,0.258,0.536,0.938666667,1.446666667,nan,98.45170233,68.83233333,188.483,16.92621667,1.164666667,1183,0
BONA,2019/8,65.154044,-147.502561,0.255,0.567,1.002,1.530666667,nan,98.84896567,77.37066667,138.0343333,11.04416333,2.126333333,209,0
BONA,2019/9,65.154044,-147.502561,0.230344828,0.500689655,0.965357143,1.377241379,nan,97.96060069,73.73586207,95.61931034,7.599872414,0.862758621,312,0
BONA,2020/7,65.154044,-147.502561,0.268,0.535666667,0.940333333,1.446333333,nan,98.26979733,71.53266667,191.3286667,13.88657667,1.648333333,6098,0
BONA,2020/8,65.154044,-147.502561,0.255333333,0.525,0.925333333,1.419666667,nan,97.89792667,77.23966667,160.247,12.88533667,1.992,712,0
BONA,2021/4,65.154044,-147.502561,nan,0.615517241,1.299655172,1.912068966,nan,98.85927621,54.74172414,188.0265517,-2.506148276,0.456206897,383,0
BONA,2021/5,65.154044,-147.502561,0.402333333,0.76,1.445666667,2.076666667,nan,98.37539667,53.46433333,228.5353333,8.512486667,1.081333333,4498,0
BONA,2021/6,65.154044,-147.502561,0.303793103,0.604137931,1.12,1.620344828,nan,98.15129034,61.63827586,241.9982759,14.62358966,1.305172414,7163,0
BONA,2021/7,65.154044,-147.502561,0.279666667,0.569666667,1.075,1.614,nan,98.43272267,64.41533333,211.2526667,15.53945,1.380666667,5127,0
BONA,2021/8,65.154044,-147.502561,0.227,0.456,0.891666667,1.377,nan,98.137029,83.97233333,115.32,11.11725333,2.287333333,230,0
