location,decimalLatitude,decimalLongitude,elevation,total_positive,total_negative,total_rate,date
BART,44.063889,-71.287375,274.0,0,27,0.0,2016-06
BART,44.063889,-71.287375,274.0,0,6,0.0,2016-07
BART,44.063889,-71.287375,274.0,0,6,0.0,2017-05
BART,44.063889,-71.287375,274.0,0,144,0.0,2017-06
BART,44.063889,-71.287375,274.0,0,27,0.0,2017-07
BART,44.063889,-71.287375,274.0,0,18,0.0,2017-08
BART,44.063889,-71.287375,274.0,0,6,0.0,2017-09
BART,44.063889,-71.287375,274.0,0,30,0.0,2018-05
BART,44.063889,-71.287375,274.0,0,72,0.0,2018-06
BART,44.063889,-71.287375,274.0,0,3,0.0,2018-07
BART,44.063889,-71.287375,274.0,0,3,0.0,2018-08
BART,44.063889,-71.287375,274.0,0,3,0.0,2018-09
BART,44.063889,-71.287375,274.0,0,252,0.0,2019-06
BART,44.063889,-71.287375,274.0,0,84,0.0,2019-07
BART,44.063889,-71.287375,274.0,0,27,0.0,2019-08
BART,44.063889,-71.287375,274.0,0,6,0.0,2019-09
BART,44.063889,-71.287375,274.0,0,9,0.0,2021-06
BART,44.063889,-71.287375,274.0,0,6,0.0,2021-07
BART,44.063889,-71.287375,274.0,0,3,0.0,2021-08
BART,44.063889,-71.287375,274.0,0,3,0.0,2021-09
HARV,42.53691,-72.17265,348.1,0,105,0.0,2016-05
HARV,42.53691,-72.17265,348.1,0,102,0.0,2016-06
HARV,42.53691,-72.17265,348.1,0,24,0.0,2016-07
HARV,42.53691,-72.17265,348.1,0,3,0.0,2016-08
HARV,42.53691,-72.17265,348.1,0,33,0.0,2016-09
HARV,42.53691,-72.17265,348.1,0,51,0.0,2017-05
HARV,42.53691,-72.17265,348.1,0,234,0.0,2017-06
HARV,42.53691,-72.17265,348.1,0,48,0.0,2017-07
HARV,42.53691,-72.17265,348.1,0,24,0.0,2017-08
HARV,42.53691,-72.17265,348.1,0,12,0.0,2017-09
HARV,42.53691,-72.17265,348.1,0,3,0.0,2017-10
HARV,42.53691,-72.17265,348.1,0,99,0.0,2018-05
HARV,42.53691,-72.17265,348.1,0,297,0.0,2018-06
HARV,42.53691,-72.17265,348.1,0,396,0.0,2018-07
HARV,42.53691,-72.17265,348.1,0,129,0.0,2018-08
HARV,42.53691,-72.17265,348.1,0,108,0.0,2018-09
HARV,42.53691,-72.17265,348.1,0,6,0.0,2018-10
HARV,42.53691,-72.17265,348.1,0,30,0.0,2019-05
HARV,42.53691,-72.17265,348.1,0,102,0.0,2019-06
HARV,42.53691,-72.17265,348.1,0,51,0.0,2019-07
HARV,42.53691,-72.17265,348.1,0,30,0.0,2019-08
HARV,42.53691,-72.17265,348.1,0,6,0.0,2019-09
HARV,42.53691,-72.17265,348.1,0,33,0.0,2021-06
HARV,42.53691,-72.17265,348.1,0,24,0.0,2021-07
HARV,42.53691,-72.17265,348.1,0,60,0.0,2021-08
HARV,42.53691,-72.17265,348.1,0,36,0.0,2021-09
HARV,42.53691,-72.17265,348.1,0,9,0.0,2021-10
BLAN,39.033698,-78.041788,182.7,0,9,0.0,2015-05
BLAN,39.033698,-78.041788,182.7,1,12,0.07692307692307693,2015-06
BLAN,39.033698,-78.041788,182.7,0,6,0.0,2015-07
BLAN,39.033698,-78.041788,182.7,0,21,0.0,2015-10
BLAN,39.033698,-78.041788,182.7,0,15,0.0,2017-05
BLAN,39.033698,-78.041788,182.7,0,9,0.0,2017-06
BLAN,39.033698,-78.041788,182.7,0,36,0.0,2017-07
BLAN,39.033698,-78.041788,182.7,0,9,0.0,2017-08
BLAN,39.033698,-78.041788,182.7,0,18,0.0,2018-05
BLAN,39.033698,-78.041788,182.7,0,42,0.0,2018-06
BLAN,39.033698,-78.041788,182.7,0,51,0.0,2018-07
BLAN,39.033698,-78.041788,182.7,1,42,0.023255813953488372,2018-08
BLAN,39.033698,-78.041788,182.7,0,15,0.0,2018-09
BLAN,39.033698,-78.041788,182.7,0,138,0.0,2018-10
BLAN,39.033698,-78.041788,182.7,0,3,0.0,2020-07
BLAN,39.033698,-78.041788,182.7,0,3,0.0,2020-08
BLAN,39.033698,-78.041788,182.7,0,3,0.0,2020-09
BLAN,39.033698,-78.041788,182.7,0,15,0.0,2021-10
SCBI,38.892925,-78.139494,352.4,0,27,0.0,2018-07
SCBI,38.892925,-78.139494,352.4,0,3,0.0,2018-08
SCBI,38.892925,-78.139494,352.4,0,21,0.0,2018-09
SCBI,38.892925,-78.139494,352.4,0,3,0.0,2020-07
SCBI,38.892925,-78.139494,352.4,0,6,0.0,2020-08
SCBI,38.892925,-78.139494,352.4,0,3,0.0,2020-09
SERC,38.890131,-76.560014,32.5,0,3,0.0,2015-04
SERC,38.890131,-76.560014,32.5,0,93,0.0,2015-05
SERC,38.890131,-76.560014,32.5,2,79,0.024691358024691357,2015-06
SERC,38.890131,-76.560014,32.5,0,252,0.0,2015-07
SERC,38.890131,-76.560014,32.5,0,180,0.0,2015-08
SERC,38.890131,-76.560014,32.5,0,45,0.0,2015-09
SERC,38.890131,-76.560014,32.5,0,6,0.0,2015-10
SERC,38.890131,-76.560014,32.5,0,15,0.0,2015-11
SERC,38.890131,-76.560014,32.5,0,15,0.0,2016-05
SERC,38.890131,-76.560014,32.5,0,195,0.0,2016-06
SERC,38.890131,-76.560014,32.5,0,135,0.0,2016-07
SERC,38.890131,-76.560014,32.5,0,105,0.0,2016-08
SERC,38.890131,-76.560014,32.5,0,63,0.0,2016-09
SERC,38.890131,-76.560014,32.5,0,18,0.0,2016-10
SERC,38.890131,-76.560014,32.5,0,6,0.0,2017-04
SERC,38.890131,-76.560014,32.5,0,9,0.0,2017-05
SERC,38.890131,-76.560014,32.5,0,90,0.0,2017-06
SERC,38.890131,-76.560014,32.5,0,105,0.0,2017-07
SERC,38.890131,-76.560014,32.5,0,159,0.0,2017-08
SERC,38.890131,-76.560014,32.5,0,63,0.0,2017-09
SERC,38.890131,-76.560014,32.5,0,123,0.0,2017-10
SERC,38.890131,-76.560014,32.5,0,9,0.0,2017-11
SERC,38.890131,-76.560014,32.5,0,78,0.0,2018-05
SERC,38.890131,-76.560014,32.5,0,33,0.0,2018-06
SERC,38.890131,-76.560014,32.5,0,132,0.0,2018-07
SERC,38.890131,-76.560014,32.5,0,72,0.0,2018-08
SERC,38.890131,-76.560014,32.5,0,51,0.0,2018-09
SERC,38.890131,-76.560014,32.5,0,48,0.0,2018-10
SERC,38.890131,-76.560014,32.5,0,6,0.0,2019-04
SERC,38.890131,-76.560014,32.5,0,72,0.0,2019-05
SERC,38.890131,-76.560014,32.5,0,18,0.0,2019-06
SERC,38.890131,-76.560014,32.5,0,27,0.0,2019-07
SERC,38.890131,-76.560014,32.5,0,21,0.0,2019-08
SERC,38.890131,-76.560014,32.5,0,30,0.0,2019-09
SERC,38.890131,-76.560014,32.5,0,6,0.0,2019-10
SERC,38.890131,-76.560014,32.5,0,12,0.0,2019-11
SERC,38.890131,-76.560014,32.5,0,3,0.0,2019-12
SERC,38.890131,-76.560014,32.5,0,9,0.0,2020-10
SERC,38.890131,-76.560014,32.5,0,6,0.0,2020-11
SERC,38.890131,-76.560014,32.5,0,9,0.0,2021-05
SERC,38.890131,-76.560014,32.5,0,36,0.0,2021-06
SERC,38.890131,-76.560014,32.5,0,24,0.0,2021-07
SERC,38.890131,-76.560014,32.5,0,60,0.0,2021-08
SERC,38.890131,-76.560014,32.5,0,60,0.0,2021-09
SERC,38.890131,-76.560014,32.5,0,12,0.0,2021-10
DSNY,28.12505,-81.43619,20.3,0,21,0.0,2016-04
DSNY,28.12505,-81.43619,20.3,0,6,0.0,2016-05
DSNY,28.12505,-81.43619,20.3,0,120,0.0,2016-09
DSNY,28.12505,-81.43619,20.3,0,75,0.0,2016-10
DSNY,28.12505,-81.43619,20.3,0,54,0.0,2016-11
DSNY,28.12505,-81.43619,20.3,0,12,0.0,2017-03
DSNY,28.12505,-81.43619,20.3,0,18,0.0,2017-04
DSNY,28.12505,-81.43619,20.3,0,39,0.0,2017-05
DSNY,28.12505,-81.43619,20.3,0,192,0.0,2017-06
DSNY,28.12505,-81.43619,20.3,0,180,0.0,2017-07
DSNY,28.12505,-81.43619,20.3,0,162,0.0,2017-08
DSNY,28.12505,-81.43619,20.3,0,126,0.0,2017-09
DSNY,28.12505,-81.43619,20.3,0,144,0.0,2017-10
DSNY,28.12505,-81.43619,20.3,0,66,0.0,2017-11
DSNY,28.12505,-81.43619,20.3,0,30,0.0,2017-12
DSNY,28.12505,-81.43619,20.3,0,18,0.0,2018-01
DSNY,28.12505,-81.43619,20.3,0,39,0.0,2018-02
DSNY,28.12505,-81.43619,20.3,0,42,0.0,2018-03
DSNY,28.12505,-81.43619,20.3,0,57,0.0,2018-04
DSNY,28.12505,-81.43619,20.3,0,117,0.0,2018-05
DSNY,28.12505,-81.43619,20.3,0,57,0.0,2018-06
DSNY,28.12505,-81.43619,20.3,0,69,0.0,2018-07
DSNY,28.12505,-81.43619,20.3,0,63,0.0,2018-08
DSNY,28.12505,-81.43619,20.3,0,45,0.0,2018-09
DSNY,28.12505,-81.43619,20.3,0,36,0.0,2018-10
DSNY,28.12505,-81.43619,20.3,0,15,0.0,2019-01
DSNY,28.12505,-81.43619,20.3,0,18,0.0,2019-02
DSNY,28.12505,-81.43619,20.3,0,12,0.0,2019-03
DSNY,28.12505,-81.43619,20.3,0,6,0.0,2019-04
DSNY,28.12505,-81.43619,20.3,0,63,0.0,2019-05
DSNY,28.12505,-81.43619,20.3,0,48,0.0,2019-06
DSNY,28.12505,-81.43619,20.3,2,116,0.01694915254237288,2019-07
DSNY,28.12505,-81.43619,20.3,0,135,0.0,2019-08
DSNY,28.12505,-81.43619,20.3,0,51,0.0,2019-09
DSNY,28.12505,-81.43619,20.3,0,54,0.0,2019-10
DSNY,28.12505,-81.43619,20.3,0,48,0.0,2019-11
DSNY,28.12505,-81.43619,20.3,0,72,0.0,2019-12
DSNY,28.12505,-81.43619,20.3,0,45,0.0,2020-01
DSNY,28.12505,-81.43619,20.3,0,69,0.0,2020-02
DSNY,28.12505,-81.43619,20.3,0,90,0.0,2020-06
DSNY,28.12505,-81.43619,20.3,0,6,0.0,2020-11
DSNY,28.12505,-81.43619,20.3,0,24,0.0,2020-12
DSNY,28.12505,-81.43619,20.3,0,36,0.0,2021-01
DSNY,28.12505,-81.43619,20.3,0,24,0.0,2021-02
DSNY,28.12505,-81.43619,20.3,0,15,0.0,2021-03
DSNY,28.12505,-81.43619,20.3,0,18,0.0,2021-04
DSNY,28.12505,-81.43619,20.3,0,12,0.0,2021-05
DSNY,28.12505,-81.43619,20.3,0,36,0.0,2021-06
DSNY,28.12505,-81.43619,20.3,0,120,0.0,2021-07
DSNY,28.12505,-81.43619,20.3,0,96,0.0,2021-08
DSNY,28.12505,-81.43619,20.3,0,60,0.0,2021-10
JERC,31.194839,-84.468623,46.7,0,14,0.0,2014-06
JERC,31.194839,-84.468623,46.7,0,10,0.0,2014-07
JERC,31.194839,-84.468623,46.7,0,3,0.0,2014-08
JERC,31.194839,-84.468623,46.7,0,2,0.0,2014-09
JERC,31.194839,-84.468623,46.7,0,144,0.0,2016-03
JERC,31.194839,-84.468623,46.7,0,270,0.0,2016-04
JERC,31.194839,-84.468623,46.7,0,75,0.0,2016-05
JERC,31.194839,-84.468623,46.7,0,3,0.0,2016-06
JERC,31.194839,-84.468623,46.7,0,3,0.0,2016-07
JERC,31.194839,-84.468623,46.7,0,15,0.0,2016-09
JERC,31.194839,-84.468623,46.7,0,27,0.0,2016-10
JERC,31.194839,-84.468623,46.7,0,3,0.0,2017-03
JERC,31.194839,-84.468623,46.7,0,6,0.0,2017-04
JERC,31.194839,-84.468623,46.7,0,57,0.0,2017-05
JERC,31.194839,-84.468623,46.7,0,6,0.0,2017-06
JERC,31.194839,-84.468623,46.7,0,18,0.0,2017-07
JERC,31.194839,-84.468623,46.7,0,27,0.0,2017-08
JERC,31.194839,-84.468623,46.7,0,69,0.0,2017-09
JERC,31.194839,-84.468623,46.7,0,18,0.0,2017-10
JERC,31.194839,-84.468623,46.7,0,9,0.0,2017-11
JERC,31.194839,-84.468623,46.7,0,60,0.0,2018-03
JERC,31.194839,-84.468623,46.7,0,15,0.0,2018-04
JERC,31.194839,-84.468623,46.7,0,48,0.0,2018-05
JERC,31.194839,-84.468623,46.7,0,57,0.0,2018-06
JERC,31.194839,-84.468623,46.7,0,30,0.0,2018-07
JERC,31.194839,-84.468623,46.7,0,21,0.0,2018-08
JERC,31.194839,-84.468623,46.7,0,18,0.0,2018-09
JERC,31.194839,-84.468623,46.7,0,66,0.0,2018-10
JERC,31.194839,-84.468623,46.7,0,12,0.0,2018-11
JERC,31.194839,-84.468623,46.7,0,12,0.0,2018-12
JERC,31.194839,-84.468623,46.7,0,30,0.0,2019-02
JERC,31.194839,-84.468623,46.7,0,24,0.0,2019-03
JERC,31.194839,-84.468623,46.7,0,36,0.0,2019-04
JERC,31.194839,-84.468623,46.7,0,3,0.0,2019-05
JERC,31.194839,-84.468623,46.7,0,6,0.0,2019-06
JERC,31.194839,-84.468623,46.7,0,9,0.0,2019-07
JERC,31.194839,-84.468623,46.7,0,30,0.0,2019-08
JERC,31.194839,-84.468623,46.7,0,12,0.0,2019-09
JERC,31.194839,-84.468623,46.7,0,6,0.0,2019-10
JERC,31.194839,-84.468623,46.7,0,6,0.0,2020-02
JERC,31.194839,-84.468623,46.7,0,6,0.0,2020-03
JERC,31.194839,-84.468623,46.7,0,3,0.0,2020-06
JERC,31.194839,-84.468623,46.7,0,33,0.0,2020-10
JERC,31.194839,-84.468623,46.7,0,3,0.0,2021-02
JERC,31.194839,-84.468623,46.7,0,27,0.0,2021-05
JERC,31.194839,-84.468623,46.7,0,27,0.0,2021-06
JERC,31.194839,-84.468623,46.7,0,30,0.0,2021-07
JERC,31.194839,-84.468623,46.7,0,24,0.0,2021-08
JERC,31.194839,-84.468623,46.7,0,3,0.0,2021-10
OSBS,29.689282,-81.993431,46.0,0,55,0.0,2014-04
OSBS,29.689282,-81.993431,46.0,0,56,0.0,2014-05
OSBS,29.689282,-81.993431,46.0,0,42,0.0,2014-06
OSBS,29.689282,-81.993431,46.0,4,83,0.04597701149425287,2014-07
OSBS,29.689282,-81.993431,46.0,0,51,0.0,2014-08
OSBS,29.689282,-81.993431,46.0,0,65,0.0,2014-09
OSBS,29.689282,-81.993431,46.0,0,69,0.0,2016-03
OSBS,29.689282,-81.993431,46.0,0,57,0.0,2016-04
OSBS,29.689282,-81.993431,46.0,0,114,0.0,2016-05
OSBS,29.689282,-81.993431,46.0,0,222,0.0,2016-06
OSBS,29.689282,-81.993431,46.0,0,300,0.0,2016-07
OSBS,29.689282,-81.993431,46.0,0,285,0.0,2016-08
OSBS,29.689282,-81.993431,46.0,0,216,0.0,2016-09
OSBS,29.689282,-81.993431,46.0,0,333,0.0,2016-10
OSBS,29.689282,-81.993431,46.0,0,96,0.0,2016-11
OSBS,29.689282,-81.993431,46.0,0,99,0.0,2017-02
OSBS,29.689282,-81.993431,46.0,0,84,0.0,2017-03
OSBS,29.689282,-81.993431,46.0,0,36,0.0,2017-04
OSBS,29.689282,-81.993431,46.0,1,51,0.019230769230769232,2017-05
OSBS,29.689282,-81.993431,46.0,0,384,0.0,2017-06
OSBS,29.689282,-81.993431,46.0,0,534,0.0,2017-07
OSBS,29.689282,-81.993431,46.0,0,384,0.0,2017-08
OSBS,29.689282,-81.993431,46.0,0,378,0.0,2017-09
OSBS,29.689282,-81.993431,46.0,0,411,0.0,2017-10
OSBS,29.689282,-81.993431,46.0,0,162,0.0,2017-11
OSBS,29.689282,-81.993431,46.0,0,42,0.0,2017-12
OSBS,29.689282,-81.993431,46.0,0,138,0.0,2018-01
OSBS,29.689282,-81.993431,46.0,0,207,0.0,2018-02
OSBS,29.689282,-81.993431,46.0,0,60,0.0,2018-03
OSBS,29.689282,-81.993431,46.0,0,93,0.0,2018-04
OSBS,29.689282,-81.993431,46.0,0,174,0.0,2018-05
OSBS,29.689282,-81.993431,46.0,0,210,0.0,2018-06
OSBS,29.689282,-81.993431,46.0,0,270,0.0,2018-07
OSBS,29.689282,-81.993431,46.0,0,237,0.0,2018-08
OSBS,29.689282,-81.993431,46.0,0,249,0.0,2018-09
OSBS,29.689282,-81.993431,46.0,0,279,0.0,2018-10
OSBS,29.689282,-81.993431,46.0,0,36,0.0,2018-11
OSBS,29.689282,-81.993431,46.0,0,9,0.0,2018-12
OSBS,29.689282,-81.993431,46.0,0,9,0.0,2019-01
OSBS,29.689282,-81.993431,46.0,0,111,0.0,2019-02
OSBS,29.689282,-81.993431,46.0,0,21,0.0,2019-03
OSBS,29.689282,-81.993431,46.0,0,57,0.0,2019-04
OSBS,29.689282,-81.993431,46.0,0,72,0.0,2019-05
OSBS,29.689282,-81.993431,46.0,0,144,0.0,2019-06
OSBS,29.689282,-81.993431,46.0,0,162,0.0,2019-07
OSBS,29.689282,-81.993431,46.0,0,165,0.0,2019-08
OSBS,29.689282,-81.993431,46.0,0,96,0.0,2019-09
OSBS,29.689282,-81.993431,46.0,0,153,0.0,2019-10
OSBS,29.689282,-81.993431,46.0,0,24,0.0,2019-11
OSBS,29.689282,-81.993431,46.0,0,72,0.0,2019-12
OSBS,29.689282,-81.993431,46.0,0,6,0.0,2020-01
OSBS,29.689282,-81.993431,46.0,2,46,0.041666666666666664,2020-02
OSBS,29.689282,-81.993431,46.0,0,66,0.0,2020-03
OSBS,29.689282,-81.993431,46.0,0,87,0.0,2020-06
OSBS,29.689282,-81.993431,46.0,0,105,0.0,2020-07
OSBS,29.689282,-81.993431,46.0,4,124,0.03125,2020-10
OSBS,29.689282,-81.993431,46.0,0,45,0.0,2020-11
OSBS,29.689282,-81.993431,46.0,0,9,0.0,2020-12
OSBS,29.689282,-81.993431,46.0,0,3,0.0,2021-01
OSBS,29.689282,-81.993431,46.0,0,24,0.0,2021-02
OSBS,29.689282,-81.993431,46.0,0,15,0.0,2021-03
OSBS,29.689282,-81.993431,46.0,0,66,0.0,2021-04
OSBS,29.689282,-81.993431,46.0,0,57,0.0,2021-05
OSBS,29.689282,-81.993431,46.0,0,78,0.0,2021-06
OSBS,29.689282,-81.993431,46.0,0,231,0.0,2021-07
OSBS,29.689282,-81.993431,46.0,0,210,0.0,2021-08
OSBS,29.689282,-81.993431,46.0,0,282,0.0,2021-09
OSBS,29.689282,-81.993431,46.0,0,117,0.0,2021-10
GUAN,17.96955,-66.8687,125.3,0,6,0.0,2016-02
GUAN,17.96955,-66.8687,125.3,0,33,0.0,2016-03
GUAN,17.96955,-66.8687,125.3,0,3,0.0,2016-04
GUAN,17.96955,-66.8687,125.3,0,219,0.0,2016-05
GUAN,17.96955,-66.8687,125.3,0,57,0.0,2016-06
GUAN,17.96955,-66.8687,125.3,0,12,0.0,2016-07
GUAN,17.96955,-66.8687,125.3,0,9,0.0,2016-08
GUAN,17.96955,-66.8687,125.3,0,132,0.0,2016-09
GUAN,17.96955,-66.8687,125.3,0,309,0.0,2016-10
GUAN,17.96955,-66.8687,125.3,0,687,0.0,2016-11
GUAN,17.96955,-66.8687,125.3,0,9,0.0,2017-02
GUAN,17.96955,-66.8687,125.3,0,6,0.0,2017-03
GUAN,17.96955,-66.8687,125.3,0,21,0.0,2017-04
GUAN,17.96955,-66.8687,125.3,0,3,0.0,2017-05
GUAN,17.96955,-66.8687,125.3,0,72,0.0,2017-06
GUAN,17.96955,-66.8687,125.3,0,156,0.0,2017-07
GUAN,17.96955,-66.8687,125.3,0,114,0.0,2017-08
GUAN,17.96955,-66.8687,125.3,0,105,0.0,2017-09
GUAN,17.96955,-66.8687,125.3,0,54,0.0,2017-12
GUAN,17.96955,-66.8687,125.3,0,15,0.0,2018-01
GUAN,17.96955,-66.8687,125.3,0,27,0.0,2018-02
GUAN,17.96955,-66.8687,125.3,0,66,0.0,2018-03
GUAN,17.96955,-66.8687,125.3,0,12,0.0,2018-04
GUAN,17.96955,-66.8687,125.3,0,15,0.0,2018-06
GUAN,17.96955,-66.8687,125.3,0,42,0.0,2018-07
GUAN,17.96955,-66.8687,125.3,0,15,0.0,2018-08
GUAN,17.96955,-66.8687,125.3,0,51,0.0,2018-09
GUAN,17.96955,-66.8687,125.3,0,150,0.0,2018-10
GUAN,17.96955,-66.8687,125.3,0,78,0.0,2018-11
GUAN,17.96955,-66.8687,125.3,0,15,0.0,2018-12
GUAN,17.96955,-66.8687,125.3,0,3,0.0,2019-01
GUAN,17.96955,-66.8687,125.3,0,33,0.0,2019-03
GUAN,17.96955,-66.8687,125.3,0,6,0.0,2019-04
GUAN,17.96955,-66.8687,125.3,0,12,0.0,2019-05
GUAN,17.96955,-66.8687,125.3,0,3,0.0,2019-06
GUAN,17.96955,-66.8687,125.3,0,6,0.0,2019-07
GUAN,17.96955,-66.8687,125.3,0,3,0.0,2019-08
GUAN,17.96955,-66.8687,125.3,0,81,0.0,2019-09
GUAN,17.96955,-66.8687,125.3,0,222,0.0,2019-10
GUAN,17.96955,-66.8687,125.3,0,27,0.0,2019-11
GUAN,17.96955,-66.8687,125.3,0,3,0.0,2019-12
GUAN,17.96955,-66.8687,125.3,0,21,0.0,2020-08
GUAN,17.96955,-66.8687,125.3,0,6,0.0,2020-09
GUAN,17.96955,-66.8687,125.3,0,3,0.0,2020-10
GUAN,17.96955,-66.8687,125.3,0,57,0.0,2020-11
GUAN,17.96955,-66.8687,125.3,0,72,0.0,2020-12
GUAN,17.96955,-66.8687,125.3,0,3,0.0,2021-01
GUAN,17.96955,-66.8687,125.3,0,9,0.0,2021-07
GUAN,17.96955,-66.8687,125.3,0,12,0.0,2021-08
GUAN,17.96955,-66.8687,125.3,0,9,0.0,2021-09
GUAN,17.96955,-66.8687,125.3,0,63,0.0,2021-10
LAJA,18.021261,-67.076889,16.4,0,9,0.0,2016-04
LAJA,18.021261,-67.076889,16.4,0,9,0.0,2016-05
LAJA,18.021261,-67.076889,16.4,0,6,0.0,2016-06
LAJA,18.021261,-67.076889,16.4,0,3,0.0,2016-07
LAJA,18.021261,-67.076889,16.4,0,18,0.0,2016-08
LAJA,18.021261,-67.076889,16.4,0,186,0.0,2016-09
LAJA,18.021261,-67.076889,16.4,0,144,0.0,2016-10
LAJA,18.021261,-67.076889,16.4,0,18,0.0,2017-03
LAJA,18.021261,-67.076889,16.4,0,9,0.0,2017-04
LAJA,18.021261,-67.076889,16.4,0,33,0.0,2017-05
LAJA,18.021261,-67.076889,16.4,0,12,0.0,2017-06
LAJA,18.021261,-67.076889,16.4,0,6,0.0,2017-07
LAJA,18.021261,-67.076889,16.4,0,3,0.0,2017-08
LAJA,18.021261,-67.076889,16.4,0,135,0.0,2017-11
LAJA,18.021261,-67.076889,16.4,0,12,0.0,2017-12
LAJA,18.021261,-67.076889,16.4,0,9,0.0,2018-01
LAJA,18.021261,-67.076889,16.4,0,9,0.0,2018-02
LAJA,18.021261,-67.076889,16.4,0,6,0.0,2018-03
LAJA,18.021261,-67.076889,16.4,0,9,0.0,2018-04
LAJA,18.021261,-67.076889,16.4,0,12,0.0,2018-05
LAJA,18.021261,-67.076889,16.4,0,3,0.0,2018-06
LAJA,18.021261,-67.076889,16.4,0,6,0.0,2018-07
LAJA,18.021261,-67.076889,16.4,0,24,0.0,2018-08
LAJA,18.021261,-67.076889,16.4,0,18,0.0,2018-09
LAJA,18.021261,-67.076889,16.4,0,24,0.0,2018-10
LAJA,18.021261,-67.076889,16.4,0,45,0.0,2018-11
LAJA,18.021261,-67.076889,16.4,0,3,0.0,2018-12
LAJA,18.021261,-67.076889,16.4,0,3,0.0,2019-01
LAJA,18.021261,-67.076889,16.4,0,3,0.0,2019-02
LAJA,18.021261,-67.076889,16.4,0,3,0.0,2019-03
LAJA,18.021261,-67.076889,16.4,0,3,0.0,2019-04
LAJA,18.021261,-67.076889,16.4,0,6,0.0,2019-05
LAJA,18.021261,-67.076889,16.4,0,3,0.0,2019-06
LAJA,18.021261,-67.076889,16.4,0,3,0.0,2019-07
LAJA,18.021261,-67.076889,16.4,0,3,0.0,2019-08
LAJA,18.021261,-67.076889,16.4,0,9,0.0,2019-09
LAJA,18.021261,-67.076889,16.4,0,18,0.0,2019-10
LAJA,18.021261,-67.076889,16.4,0,42,0.0,2019-11
LAJA,18.021261,-67.076889,16.4,0,3,0.0,2019-12
LAJA,18.021261,-67.076889,16.4,0,3,0.0,2020-03
LAJA,18.021261,-67.076889,16.4,0,3,0.0,2020-06
LAJA,18.021261,-67.076889,16.4,0,24,0.0,2020-08
LAJA,18.021261,-67.076889,16.4,0,18,0.0,2020-09
LAJA,18.021261,-67.076889,16.4,0,12,0.0,2020-11
LAJA,18.021261,-67.076889,16.4,0,9,0.0,2020-12
LAJA,18.021261,-67.076889,16.4,0,6,0.0,2021-01
LAJA,18.021261,-67.076889,16.4,0,3,0.0,2021-02
LAJA,18.021261,-67.076889,16.4,0,3,0.0,2021-03
LAJA,18.021261,-67.076889,16.4,0,6,0.0,2021-04
LAJA,18.021261,-67.076889,16.4,0,3,0.0,2021-05
LAJA,18.021261,-67.076889,16.4,0,6,0.0,2021-06
LAJA,18.021261,-67.076889,16.4,0,3,0.0,2021-07
LAJA,18.021261,-67.076889,16.4,0,3,0.0,2021-08
LAJA,18.021261,-67.076889,16.4,0,9,0.0,2021-10
STEI,45.50894,-89.58637,475.7,0,36,0.0,2016-05
STEI,45.50894,-89.58637,475.7,3,321,0.009259259259259259,2016-06
STEI,45.50894,-89.58637,475.7,0,75,0.0,2016-07
STEI,45.50894,-89.58637,475.7,0,153,0.0,2016-08
STEI,45.50894,-89.58637,475.7,0,93,0.0,2016-09
STEI,45.50894,-89.58637,475.7,0,102,0.0,2017-05
STEI,45.50894,-89.58637,475.7,1,252,0.003952569169960474,2017-06
STEI,45.50894,-89.58637,475.7,0,153,0.0,2017-07
STEI,45.50894,-89.58637,475.7,0,114,0.0,2017-08
STEI,45.50894,-89.58637,475.7,0,114,0.0,2017-09
STEI,45.50894,-89.58637,475.7,0,3,0.0,2018-05
STEI,45.50894,-89.58637,475.7,5,255,0.019230769230769232,2018-06
STEI,45.50894,-89.58637,475.7,0,252,0.0,2018-07
STEI,45.50894,-89.58637,475.7,0,213,0.0,2018-08
STEI,45.50894,-89.58637,475.7,0,21,0.0,2018-09
STEI,45.50894,-89.58637,475.7,2,276,0.007194244604316547,2019-06
STEI,45.50894,-89.58637,475.7,0,114,0.0,2019-07
STEI,45.50894,-89.58637,475.7,0,93,0.0,2019-08
STEI,45.50894,-89.58637,475.7,0,42,0.0,2019-09
STEI,45.50894,-89.58637,475.7,1,24,0.04,2021-05
STEI,45.50894,-89.58637,475.7,1,15,0.0625,2021-06
STEI,45.50894,-89.58637,475.7,0,9,0.0,2021-07
STEI,45.50894,-89.58637,475.7,0,18,0.0,2021-08
STEI,45.50894,-89.58637,475.7,0,12,0.0,2021-09
TREE,45.49369,-89.58571,466.6,0,222,0.0,2016-05
TREE,45.49369,-89.58571,466.6,0,249,0.0,2016-06
TREE,45.49369,-89.58571,466.6,0,105,0.0,2016-07
TREE,45.49369,-89.58571,466.6,0,54,0.0,2016-08
TREE,45.49369,-89.58571,466.6,0,45,0.0,2016-09
TREE,45.49369,-89.58571,466.6,0,3,0.0,2017-05
TREE,45.49369,-89.58571,466.6,0,300,0.0,2017-06
TREE,45.49369,-89.58571,466.6,0,141,0.0,2017-07
TREE,45.49369,-89.58571,466.6,0,69,0.0,2017-08
TREE,45.49369,-89.58571,466.6,0,45,0.0,2017-09
TREE,45.49369,-89.58571,466.6,1,345,0.002890173410404624,2018-06
TREE,45.49369,-89.58571,466.6,0,129,0.0,2018-07
TREE,45.49369,-89.58571,466.6,0,6,0.0,2018-08
TREE,45.49369,-89.58571,466.6,13,330,0.037900874635568516,2019-05
TREE,45.49369,-89.58571,466.6,1,237,0.004201680672268907,2019-06
TREE,45.49369,-89.58571,466.6,0,57,0.0,2019-07
TREE,45.49369,-89.58571,466.6,0,27,0.0,2019-08
TREE,45.49369,-89.58571,466.6,0,18,0.0,2019-09
TREE,45.49369,-89.58571,466.6,0,24,0.0,2020-07
TREE,45.49369,-89.58571,466.6,0,12,0.0,2020-08
TREE,45.49369,-89.58571,466.6,0,6,0.0,2020-09
TREE,45.49369,-89.58571,466.6,0,6,0.0,2021-05
TREE,45.49369,-89.58571,466.6,1,27,0.03571428571428571,2021-06
TREE,45.49369,-89.58571,466.6,0,24,0.0,2021-07
TREE,45.49369,-89.58571,466.6,0,12,0.0,2021-08
TREE,45.49369,-89.58571,466.6,0,18,0.0,2021-09
UNDE,46.23391,-89.537254,521.0,0,252,0.0,2016-05
UNDE,46.23391,-89.537254,521.0,0,546,0.0,2016-06
UNDE,46.23391,-89.537254,521.0,0,228,0.0,2016-07
UNDE,46.23391,-89.537254,521.0,2,394,0.005050505050505051,2016-08
UNDE,46.23391,-89.537254,521.0,0,447,0.0,2016-09
UNDE,46.23391,-89.537254,521.0,0,132,0.0,2016-10
UNDE,46.23391,-89.537254,521.0,0,27,0.0,2017-05
UNDE,46.23391,-89.537254,521.0,1,768,0.0013003901170351106,2017-06
UNDE,46.23391,-89.537254,521.0,0,192,0.0,2017-07
UNDE,46.23391,-89.537254,521.0,0,177,0.0,2017-08
UNDE,46.23391,-89.537254,521.0,0,63,0.0,2017-09
UNDE,46.23391,-89.537254,521.0,0,15,0.0,2017-10
UNDE,46.23391,-89.537254,521.0,0,189,0.0,2018-05
UNDE,46.23391,-89.537254,521.0,2,489,0.004073319755600814,2018-06
UNDE,46.23391,-89.537254,521.0,0,462,0.0,2018-07
UNDE,46.23391,-89.537254,521.0,0,291,0.0,2018-08
UNDE,46.23391,-89.537254,521.0,0,15,0.0,2018-09
UNDE,46.23391,-89.537254,521.0,4,549,0.007233273056057866,2019-06
UNDE,46.23391,-89.537254,521.0,1,210,0.004739336492890996,2019-07
UNDE,46.23391,-89.537254,521.0,0,345,0.0,2019-08
UNDE,46.23391,-89.537254,521.0,0,39,0.0,2019-09
UNDE,46.23391,-89.537254,521.0,0,3,0.0,2019-10
UNDE,46.23391,-89.537254,521.0,0,3,0.0,2020-06
UNDE,46.23391,-89.537254,521.0,0,12,0.0,2020-07
UNDE,46.23391,-89.537254,521.0,0,18,0.0,2020-08
UNDE,46.23391,-89.537254,521.0,0,15,0.0,2020-09
UNDE,46.23391,-89.537254,521.0,0,3,0.0,2020-10
UNDE,46.23391,-89.537254,521.0,0,57,0.0,2021-05
UNDE,46.23391,-89.537254,521.0,0,75,0.0,2021-06
UNDE,46.23391,-89.537254,521.0,0,54,0.0,2021-07
UNDE,46.23391,-89.537254,521.0,0,21,0.0,2021-08
UNDE,46.23391,-89.537254,521.0,0,3,0.0,2021-09
UNDE,46.23391,-89.537254,521.0,0,3,0.0,2021-10
KONA,39.110446,-96.612935,323.3,0,6,0.0,2017-06
KONA,39.110446,-96.612935,323.3,0,27,0.0,2017-07
KONA,39.110446,-96.612935,323.3,0,72,0.0,2017-08
KONA,39.110446,-96.612935,323.3,0,66,0.0,2017-09
KONA,39.110446,-96.612935,323.3,0,9,0.0,2017-10
KONA,39.110446,-96.612935,323.3,0,9,0.0,2018-06
KONA,39.110446,-96.612935,323.3,0,24,0.0,2018-07
KONA,39.110446,-96.612935,323.3,2,98,0.02,2018-08
KONA,39.110446,-96.612935,323.3,2,68,0.02857142857142857,2018-09
KONA,39.110446,-96.612935,323.3,0,3,0.0,2018-10
KONA,39.110446,-96.612935,323.3,0,96,0.0,2019-06
KONA,39.110446,-96.612935,323.3,0,45,0.0,2019-07
KONA,39.110446,-96.612935,323.3,0,51,0.0,2019-08
KONA,39.110446,-96.612935,323.3,0,87,0.0,2019-09
KONA,39.110446,-96.612935,323.3,0,12,0.0,2019-10
KONA,39.110446,-96.612935,323.3,0,24,0.0,2020-06
KONA,39.110446,-96.612935,323.3,0,12,0.0,2020-07
KONA,39.110446,-96.612935,323.3,0,93,0.0,2020-08
KONA,39.110446,-96.612935,323.3,2,59,0.03278688524590164,2020-09
KONA,39.110446,-96.612935,323.3,0,3,0.0,2020-10
KONA,39.110446,-96.612935,323.3,0,24,0.0,2021-06
KONA,39.110446,-96.612935,323.3,0,9,0.0,2021-07
KONA,39.110446,-96.612935,323.3,0,24,0.0,2021-08
KONA,39.110446,-96.612935,323.3,0,45,0.0,2021-09
KONZ,39.100774,-96.563075,414.4,0,21,0.0,2016-05
KONZ,39.100774,-96.563075,414.4,0,27,0.0,2016-06
KONZ,39.100774,-96.563075,414.4,0,24,0.0,2016-07
KONZ,39.100774,-96.563075,414.4,0,111,0.0,2016-08
KONZ,39.100774,-96.563075,414.4,0,54,0.0,2016-09
KONZ,39.100774,-96.563075,414.4,0,18,0.0,2016-10
KONZ,39.100774,-96.563075,414.4,0,6,0.0,2017-04
KONZ,39.100774,-96.563075,414.4,0,9,0.0,2017-05
KONZ,39.100774,-96.563075,414.4,0,21,0.0,2017-06
KONZ,39.100774,-96.563075,414.4,0,6,0.0,2017-08
KONZ,39.100774,-96.563075,414.4,2,32,0.058823529411764705,2017-09
KONZ,39.100774,-96.563075,414.4,0,3,0.0,2018-05
KONZ,39.100774,-96.563075,414.4,0,30,0.0,2018-08
KONZ,39.100774,-96.563075,414.4,0,3,0.0,2018-09
KONZ,39.100774,-96.563075,414.4,0,24,0.0,2019-05
KONZ,39.100774,-96.563075,414.4,0,39,0.0,2019-06
KONZ,39.100774,-96.563075,414.4,0,54,0.0,2019-07
KONZ,39.100774,-96.563075,414.4,0,3,0.0,2019-08
KONZ,39.100774,-96.563075,414.4,0,24,0.0,2019-09
KONZ,39.100774,-96.563075,414.4,0,3,0.0,2019-10
KONZ,39.100774,-96.563075,414.4,0,36,0.0,2020-06
KONZ,39.100774,-96.563075,414.4,0,21,0.0,2020-07
KONZ,39.100774,-96.563075,414.4,0,6,0.0,2020-08
KONZ,39.100774,-96.563075,414.4,0,15,0.0,2021-06
KONZ,39.100774,-96.563075,414.4,0,12,0.0,2021-07
KONZ,39.100774,-96.563075,414.4,0,15,0.0,2021-09
KONZ,39.100774,-96.563075,414.4,0,3,0.0,2021-10
UKFS,39.040431,-95.19215,321.6,0,3,0.0,2016-04
UKFS,39.040431,-95.19215,321.6,0,102,0.0,2016-05
UKFS,39.040431,-95.19215,321.6,0,141,0.0,2016-06
UKFS,39.040431,-95.19215,321.6,0,135,0.0,2016-07
UKFS,39.040431,-95.19215,321.6,0,144,0.0,2016-08
UKFS,39.040431,-95.19215,321.6,0,165,0.0,2016-09
UKFS,39.040431,-95.19215,321.6,0,18,0.0,2016-10
UKFS,39.040431,-95.19215,321.6,0,6,0.0,2016-11
UKFS,39.040431,-95.19215,321.6,0,168,0.0,2017-04
UKFS,39.040431,-95.19215,321.6,0,117,0.0,2017-05
UKFS,39.040431,-95.19215,321.6,0,33,0.0,2017-06
UKFS,39.040431,-95.19215,321.6,0,93,0.0,2017-07
UKFS,39.040431,-95.19215,321.6,0,48,0.0,2017-08
UKFS,39.040431,-95.19215,321.6,0,156,0.0,2017-09
UKFS,39.040431,-95.19215,321.6,0,36,0.0,2017-10
UKFS,39.040431,-95.19215,321.6,0,6,0.0,2018-05
UKFS,39.040431,-95.19215,321.6,0,9,0.0,2018-06
UKFS,39.040431,-95.19215,321.6,0,12,0.0,2018-07
UKFS,39.040431,-95.19215,321.6,0,18,0.0,2018-08
UKFS,39.040431,-95.19215,321.6,0,54,0.0,2018-09
UKFS,39.040431,-95.19215,321.6,0,27,0.0,2018-10
UKFS,39.040431,-95.19215,321.6,0,45,0.0,2019-05
UKFS,39.040431,-95.19215,321.6,0,21,0.0,2019-06
UKFS,39.040431,-95.19215,321.6,0,27,0.0,2019-07
UKFS,39.040431,-95.19215,321.6,0,90,0.0,2019-08
UKFS,39.040431,-95.19215,321.6,0,93,0.0,2019-09
UKFS,39.040431,-95.19215,321.6,0,15,0.0,2019-10
UKFS,39.040431,-95.19215,321.6,0,3,0.0,2020-06
UKFS,39.040431,-95.19215,321.6,0,18,0.0,2020-07
UKFS,39.040431,-95.19215,321.6,0,57,0.0,2020-08
UKFS,39.040431,-95.19215,321.6,0,6,0.0,2020-09
UKFS,39.040431,-95.19215,321.6,0,12,0.0,2021-05
UKFS,39.040431,-95.19215,321.6,0,21,0.0,2021-07
UKFS,39.040431,-95.19215,321.6,0,51,0.0,2021-08
UKFS,39.053555,-95.19707,327.8,0,12,0.0,2021-09
UKFS,39.040431,-95.19215,321.6,0,3,0.0,2021-10
ORNL,35.964128,-84.282588,343.8,0,6,0.0,2016-03
ORNL,35.964128,-84.282588,343.8,0,15,0.0,2016-04
ORNL,35.964128,-84.282588,343.8,0,9,0.0,2016-05
ORNL,35.964128,-84.282588,343.8,0,9,0.0,2016-06
ORNL,35.964128,-84.282588,343.8,0,12,0.0,2016-07
ORNL,35.964128,-84.282588,343.8,0,12,0.0,2016-08
ORNL,35.964128,-84.282588,343.8,0,51,0.0,2016-09
ORNL,35.964128,-84.282588,343.8,0,15,0.0,2016-10
ORNL,35.964128,-84.282588,343.8,0,21,0.0,2017-04
ORNL,35.964128,-84.282588,343.8,0,18,0.0,2017-05
ORNL,35.964128,-84.282588,343.8,0,15,0.0,2017-06
ORNL,35.964128,-84.282588,343.8,0,57,0.0,2017-07
ORNL,35.964128,-84.282588,343.8,0,81,0.0,2017-08
ORNL,35.964128,-84.282588,343.8,0,60,0.0,2017-09
ORNL,35.964128,-84.282588,343.8,0,18,0.0,2017-10
ORNL,35.964128,-84.282588,343.8,0,3,0.0,2017-11
ORNL,35.964128,-84.282588,343.8,0,6,0.0,2018-06
ORNL,35.964128,-84.282588,343.8,0,12,0.0,2018-07
ORNL,35.964128,-84.282588,343.8,0,60,0.0,2018-08
ORNL,35.964128,-84.282588,343.8,0,36,0.0,2018-09
ORNL,35.964128,-84.282588,343.8,0,6,0.0,2018-10
ORNL,35.964128,-84.282588,343.8,0,3,0.0,2019-04
ORNL,35.964128,-84.282588,343.8,0,6,0.0,2019-06
ORNL,35.964128,-84.282588,343.8,0,6,0.0,2019-07
ORNL,35.964128,-84.282588,343.8,0,48,0.0,2019-08
ORNL,35.964128,-84.282588,343.8,0,39,0.0,2019-09
ORNL,35.964128,-84.282588,343.8,0,9,0.0,2019-10
ORNL,35.923786,-84.431614,230.4,0,3,0.0,2020-06
ORNL,35.964128,-84.282588,343.8,0,12,0.0,2020-07
ORNL,35.964128,-84.282588,343.8,0,27,0.0,2020-08
ORNL,35.964128,-84.282588,343.8,0,21,0.0,2020-09
ORNL,35.964128,-84.282588,343.8,0,6,0.0,2020-10
ORNL,35.964128,-84.282588,343.8,0,3,0.0,2021-06
ORNL,35.964128,-84.282588,343.8,0,21,0.0,2021-07
ORNL,35.964128,-84.282588,343.8,0,24,0.0,2021-08
ORNL,35.964128,-84.282588,343.8,0,27,0.0,2021-09
ORNL,35.964128,-84.282588,343.8,0,3,0.0,2021-10
DELA,32.541727,-87.803877,25.0,0,12,0.0,2016-05
DELA,32.541727,-87.803877,25.0,0,57,0.0,2016-06
DELA,32.541727,-87.803877,25.0,0,51,0.0,2016-07
DELA,32.541727,-87.803877,25.0,0,33,0.0,2016-08
DELA,32.541727,-87.803877,25.0,0,57,0.0,2016-09
DELA,32.541727,-87.803877,25.0,0,207,0.0,2016-10
DELA,32.541727,-87.803877,25.0,0,30,0.0,2016-11
DELA,32.541727,-87.803877,25.0,0,129,0.0,2017-03
DELA,32.541727,-87.803877,25.0,0,93,0.0,2017-04
DELA,32.541727,-87.803877,25.0,0,108,0.0,2017-05
DELA,32.541727,-87.803877,25.0,0,144,0.0,2017-06
DELA,32.541727,-87.803877,25.0,0,93,0.0,2017-07
DELA,32.541727,-87.803877,25.0,0,195,0.0,2017-08
DELA,32.541727,-87.803877,25.0,0,165,0.0,2017-09
DELA,32.541727,-87.803877,25.0,0,129,0.0,2017-10
DELA,32.541727,-87.803877,25.0,0,168,0.0,2017-11
DELA,32.541727,-87.803877,25.0,0,66,0.0,2017-12
DELA,32.541727,-87.803877,25.0,0,144,0.0,2018-03
DELA,32.541727,-87.803877,25.0,0,63,0.0,2018-05
DELA,32.541727,-87.803877,25.0,0,39,0.0,2018-06
DELA,32.541727,-87.803877,25.0,0,123,0.0,2018-07
DELA,32.541727,-87.803877,25.0,0,72,0.0,2018-08
DELA,32.541727,-87.803877,25.0,0,60,0.0,2018-09
DELA,32.541727,-87.803877,25.0,0,48,0.0,2018-10
DELA,32.541727,-87.803877,25.0,0,126,0.0,2018-11
DELA,32.541727,-87.803877,25.0,0,3,0.0,2018-12
DELA,32.541727,-87.803877,25.0,0,48,0.0,2019-03
DELA,32.541727,-87.803877,25.0,0,42,0.0,2019-05
DELA,32.541727,-87.803877,25.0,0,57,0.0,2019-06
DELA,32.541727,-87.803877,25.0,0,42,0.0,2019-07
DELA,32.541727,-87.803877,25.0,0,48,0.0,2019-08
DELA,32.541727,-87.803877,25.0,0,72,0.0,2019-09
DELA,32.541727,-87.803877,25.0,0,30,0.0,2019-10
DELA,32.541727,-87.803877,25.0,0,18,0.0,2020-05
DELA,32.541727,-87.803877,25.0,0,69,0.0,2020-07
DELA,32.541727,-87.803877,25.0,0,54,0.0,2020-08
DELA,32.541727,-87.803877,25.0,0,69,0.0,2020-09
DELA,32.541727,-87.803877,25.0,0,18,0.0,2020-10
DELA,32.541727,-87.803877,25.0,0,63,0.0,2021-04
DELA,32.541727,-87.803877,25.0,0,45,0.0,2021-05
DELA,32.541727,-87.803877,25.0,0,15,0.0,2021-06
DELA,32.541727,-87.803877,25.0,0,51,0.0,2021-07
DELA,32.541727,-87.803877,25.0,0,72,0.0,2021-08
DELA,32.541727,-87.803877,25.0,0,48,0.0,2021-09
DELA,32.541727,-87.803877,25.0,0,27,0.0,2021-10
LENO,31.853861,-88.161181,13.2,0,72,0.0,2016-05
LENO,31.853861,-88.161181,13.2,0,261,0.0,2016-06
LENO,31.853861,-88.161181,13.2,0,324,0.0,2016-07
LENO,31.853861,-88.161181,13.2,0,288,0.0,2016-08
LENO,31.853861,-88.161181,13.2,0,108,0.0,2016-09
LENO,31.853861,-88.161181,13.2,0,27,0.0,2016-10
LENO,31.853861,-88.161181,13.2,0,33,0.0,2016-11
LENO,31.853861,-88.161181,13.2,0,60,0.0,2017-05
LENO,31.853861,-88.161181,13.2,0,204,0.0,2017-06
LENO,31.853861,-88.161181,13.2,0,240,0.0,2017-07
LENO,31.853861,-88.161181,13.2,0,537,0.0,2017-08
LENO,31.853861,-88.161181,13.2,0,186,0.0,2017-09
LENO,31.853861,-88.161181,13.2,0,21,0.0,2017-10
LENO,31.853861,-88.161181,13.2,0,12,0.0,2017-11
LENO,31.853861,-88.161181,13.2,0,9,0.0,2017-12
LENO,31.853861,-88.161181,13.2,0,33,0.0,2018-02
LENO,31.853861,-88.161181,13.2,0,33,0.0,2018-03
LENO,31.853861,-88.161181,13.2,0,45,0.0,2018-04
LENO,31.853861,-88.161181,13.2,0,90,0.0,2018-05
LENO,31.853861,-88.161181,13.2,0,192,0.0,2018-06
LENO,31.853861,-88.161181,13.2,0,450,0.0,2018-07
LENO,31.853861,-88.161181,13.2,0,219,0.0,2018-08
LENO,31.853861,-88.161181,13.2,0,144,0.0,2018-09
LENO,31.853861,-88.161181,13.2,0,117,0.0,2018-10
LENO,31.853861,-88.161181,13.2,0,12,0.0,2018-11
LENO,31.853861,-88.161181,13.2,0,3,0.0,2018-12
LENO,31.853861,-88.161181,13.2,0,9,0.0,2019-02
LENO,31.853861,-88.161181,13.2,0,12,0.0,2019-03
LENO,31.853861,-88.161181,13.2,0,42,0.0,2019-04
LENO,31.853861,-88.161181,13.2,0,120,0.0,2019-05
LENO,31.853861,-88.161181,13.2,0,195,0.0,2019-06
LENO,31.853861,-88.161181,13.2,0,471,0.0,2019-07
LENO,31.853861,-88.161181,13.2,0,183,0.0,2019-08
LENO,31.853861,-88.161181,13.2,0,81,0.0,2019-09
LENO,31.853861,-88.161181,13.2,0,12,0.0,2019-10
LENO,31.853861,-88.161181,13.2,0,9,0.0,2021-03
LENO,31.853861,-88.161181,13.2,0,78,0.0,2021-05
LENO,31.853861,-88.161181,13.2,0,108,0.0,2021-06
LENO,31.853861,-88.161181,13.2,0,147,0.0,2021-07
LENO,31.853861,-88.161181,13.2,0,159,0.0,2021-08
LENO,31.853861,-88.161181,13.2,0,120,0.0,2021-09
LENO,31.853861,-88.161181,13.2,1,32,0.030303030303030304,2021-10
TALL,32.95047,-87.393259,166.2,0,53,0.0,2014-05
TALL,32.95047,-87.393259,166.2,0,31,0.0,2014-06
TALL,32.95047,-87.393259,166.2,0,6,0.0,2014-07
TALL,32.95047,-87.393259,166.2,0,13,0.0,2014-08
TALL,32.95047,-87.393259,166.2,0,3,0.0,2016-03
TALL,32.95047,-87.393259,166.2,0,42,0.0,2016-04
TALL,32.95047,-87.393259,166.2,0,30,0.0,2016-05
TALL,32.95047,-87.393259,166.2,0,15,0.0,2016-06
TALL,32.95047,-87.393259,166.2,0,12,0.0,2016-07
TALL,32.95047,-87.393259,166.2,0,36,0.0,2016-08
TALL,32.95047,-87.393259,166.2,0,24,0.0,2016-09
TALL,32.95047,-87.393259,166.2,0,48,0.0,2016-10
TALL,32.95047,-87.393259,166.2,0,9,0.0,2016-11
TALL,32.95047,-87.393259,166.2,0,9,0.0,2017-02
TALL,32.95047,-87.393259,166.2,0,21,0.0,2017-03
TALL,32.95047,-87.393259,166.2,0,93,0.0,2017-04
TALL,32.95047,-87.393259,166.2,0,72,0.0,2017-05
TALL,32.95047,-87.393259,166.2,0,93,0.0,2017-06
TALL,32.95047,-87.393259,166.2,0,84,0.0,2017-07
TALL,32.95047,-87.393259,166.2,0,51,0.0,2017-08
TALL,32.95047,-87.393259,166.2,1,45,0.021739130434782608,2017-09
TALL,32.95047,-87.393259,166.2,0,12,0.0,2017-10
TALL,32.95047,-87.393259,166.2,0,9,0.0,2018-02
TALL,32.95047,-87.393259,166.2,0,12,0.0,2018-04
TALL,32.95047,-87.393259,166.2,0,72,0.0,2018-05
TALL,32.95047,-87.393259,166.2,1,69,0.014285714285714285,2018-06
TALL,32.95047,-87.393259,166.2,0,15,0.0,2018-07
TALL,32.95047,-87.393259,166.2,0,18,0.0,2018-08
TALL,32.95047,-87.393259,166.2,0,30,0.0,2018-09
TALL,32.95047,-87.393259,166.2,0,21,0.0,2018-10
TALL,32.95047,-87.393259,166.2,0,6,0.0,2019-04
TALL,32.95047,-87.393259,166.2,0,30,0.0,2019-05
TALL,32.95047,-87.393259,166.2,0,9,0.0,2019-06
TALL,32.95047,-87.393259,166.2,0,15,0.0,2019-07
TALL,32.95047,-87.393259,166.2,0,9,0.0,2019-08
TALL,32.95047,-87.393259,166.2,0,6,0.0,2019-09
TALL,32.95047,-87.393259,166.2,0,3,0.0,2019-10
TALL,32.95047,-87.393259,166.2,0,9,0.0,2020-03
TALL,32.95047,-87.393259,166.2,0,6,0.0,2020-07
TALL,32.95047,-87.393259,166.2,0,9,0.0,2020-08
TALL,32.95047,-87.393259,166.2,0,12,0.0,2020-09
TALL,32.95047,-87.393259,166.2,0,18,0.0,2020-10
TALL,32.95047,-87.393259,166.2,0,3,0.0,2021-03
TALL,32.95047,-87.393259,166.2,0,9,0.0,2021-04
TALL,32.95047,-87.393259,166.2,0,27,0.0,2021-05
TALL,32.95047,-87.393259,166.2,0,9,0.0,2021-06
TALL,32.95047,-87.393259,166.2,0,3,0.0,2021-07
TALL,32.95047,-87.393259,166.2,0,18,0.0,2021-09
TALL,32.95047,-87.393259,166.2,0,6,0.0,2021-10
DCFS,47.16165,-99.10656,575.3,0,123,0.0,2017-07
DCFS,47.16165,-99.10656,575.3,0,51,0.0,2017-08
DCFS,47.16165,-99.10656,575.3,0,114,0.0,2017-09
DCFS,47.16165,-99.10656,575.3,0,9,0.0,2018-05
DCFS,47.16165,-99.10656,575.3,0,117,0.0,2018-06
DCFS,47.16165,-99.10656,575.3,2,140,0.014084507042253521,2018-07
DCFS,47.16165,-99.10656,575.3,0,54,0.0,2018-08
DCFS,47.16165,-99.10656,575.3,0,60,0.0,2018-09
DCFS,47.16165,-99.10656,575.3,0,15,0.0,2019-05
DCFS,47.16165,-99.10656,575.3,0,60,0.0,2019-06
DCFS,47.16165,-99.10656,575.3,0,117,0.0,2019-07
DCFS,47.16165,-99.10656,575.3,0,66,0.0,2019-08
DCFS,47.16165,-99.10656,575.3,0,69,0.0,2019-09
DCFS,47.16165,-99.10656,575.3,0,6,0.0,2020-06
DCFS,47.16165,-99.10656,575.3,0,21,0.0,2020-07
DCFS,47.16165,-99.10656,575.3,0,54,0.0,2020-08
DCFS,47.16165,-99.10656,575.3,0,36,0.0,2020-09
DCFS,47.16165,-99.10656,575.3,0,45,0.0,2021-06
DCFS,47.16165,-99.10656,575.3,0,54,0.0,2021-07
DCFS,47.16165,-99.10656,575.3,0,18,0.0,2021-09
NOGP,46.76972,-100.91535,588.6,0,90,0.0,2016-05
NOGP,46.76972,-100.91535,588.6,0,24,0.0,2016-06
NOGP,46.76972,-100.91535,588.6,2,251,0.007905138339920948,2016-07
NOGP,46.76972,-100.91535,588.6,0,78,0.0,2016-08
NOGP,46.76972,-100.91535,588.6,0,15,0.0,2016-09
NOGP,46.76972,-100.91535,588.6,0,48,0.0,2017-06
NOGP,46.76972,-100.91535,588.6,0,78,0.0,2017-07
NOGP,46.76972,-100.91535,588.6,0,51,0.0,2017-08
NOGP,46.76972,-100.91535,588.6,0,30,0.0,2017-09
NOGP,46.76972,-100.91535,588.6,0,60,0.0,2018-06
NOGP,46.76972,-100.91535,588.6,0,105,0.0,2018-07
NOGP,46.76972,-100.91535,588.6,2,116,0.01694915254237288,2018-08
NOGP,46.76972,-100.91535,588.6,0,3,0.0,2018-09
NOGP,46.76972,-100.91535,588.6,0,96,0.0,2019-06
NOGP,46.76972,-100.91535,588.6,0,6,0.0,2019-07
NOGP,46.76972,-100.91535,588.6,0,120,0.0,2019-08
NOGP,46.76972,-100.91535,588.6,0,81,0.0,2019-09
NOGP,46.76972,-100.91535,588.6,0,6,0.0,2020-06
NOGP,46.76972,-100.91535,588.6,0,15,0.0,2020-07
NOGP,46.76972,-100.91535,588.6,0,27,0.0,2020-08
NOGP,46.76972,-100.91535,588.6,0,3,0.0,2020-09
NOGP,46.76972,-100.91535,588.6,0,102,0.0,2021-06
NOGP,46.76972,-100.91535,588.6,0,39,0.0,2021-07
NOGP,46.76972,-100.91535,588.6,0,6,0.0,2021-08
NOGP,46.76972,-100.91535,588.6,0,6,0.0,2021-09
WOOD,47.1282,-99.241334,590.9,0,6,0.0,2016-05
WOOD,47.1282,-99.241334,590.9,0,339,0.0,2016-06
WOOD,47.1282,-99.241334,590.9,0,318,0.0,2016-07
WOOD,47.1282,-99.241334,590.9,0,396,0.0,2016-08
WOOD,47.1282,-99.241334,590.9,0,375,0.0,2016-09
WOOD,47.1282,-99.241334,590.9,0,21,0.0,2016-10
WOOD,47.1282,-99.241334,590.9,0,6,0.0,2017-05
WOOD,47.1282,-99.241334,590.9,0,228,0.0,2017-06
WOOD,47.1282,-99.241334,590.9,0,399,0.0,2017-07
WOOD,47.1282,-99.241334,590.9,0,357,0.0,2017-08
WOOD,47.1282,-99.241334,590.9,0,210,0.0,2017-09
WOOD,47.1282,-99.241334,590.9,0,84,0.0,2018-05
WOOD,47.1282,-99.241334,590.9,0,192,0.0,2018-06
WOOD,47.1282,-99.241334,590.9,2,230,0.008620689655172414,2018-07
WOOD,47.1282,-99.241334,590.9,0,162,0.0,2018-08
WOOD,47.1282,-99.241334,590.9,0,24,0.0,2018-09
WOOD,47.1282,-99.241334,590.9,0,159,0.0,2019-06
WOOD,47.1282,-99.241334,590.9,0,333,0.0,2019-07
WOOD,47.1282,-99.241334,590.9,0,93,0.0,2019-08
WOOD,47.1282,-99.241334,590.9,0,138,0.0,2019-09
WOOD,47.1282,-99.241334,590.9,0,12,0.0,2019-10
WOOD,47.1282,-99.241334,590.9,0,48,0.0,2020-06
WOOD,47.1282,-99.241334,590.9,0,150,0.0,2020-07
WOOD,47.1282,-99.241334,590.9,0,105,0.0,2020-08
WOOD,47.1282,-99.241334,590.9,0,36,0.0,2020-09
WOOD,47.1282,-99.241334,590.9,0,24,0.0,2021-06
WOOD,47.1282,-99.241334,590.9,2,86,0.022727272727272728,2021-07
WOOD,47.1282,-99.241334,590.9,6,90,0.0625,2021-08
WOOD,47.1282,-99.241334,590.9,0,24,0.0,2021-09
CPER,40.815536,-104.745591,1653.9,0,21,0.0,2014-06
CPER,40.815536,-104.745591,1653.9,4,91,0.042105263157894736,2014-07
CPER,40.815536,-104.745591,1653.9,4,100,0.038461538461538464,2014-08
CPER,40.815536,-104.745591,1653.9,0,9,0.0,2014-09
CPER,40.815536,-104.745591,1653.9,0,3,0.0,2016-06
CPER,40.815536,-104.745591,1653.9,0,30,0.0,2016-07
CPER,40.815536,-104.745591,1653.9,0,6,0.0,2016-08
CPER,40.815536,-104.745591,1653.9,0,234,0.0,2017-06
CPER,40.815536,-104.745591,1653.9,0,3,0.0,2017-07
CPER,40.815536,-104.745591,1653.9,0,147,0.0,2017-08
CPER,40.815536,-104.745591,1653.9,0,9,0.0,2017-09
CPER,40.815536,-104.745591,1653.9,0,9,0.0,2018-05
CPER,40.815536,-104.745591,1653.9,0,69,0.0,2018-06
CPER,40.815536,-104.745591,1653.9,0,3,0.0,2018-07
CPER,40.815536,-104.745591,1653.9,0,12,0.0,2018-08
CPER,40.815536,-104.745591,1653.9,0,21,0.0,2019-06
CPER,40.815536,-104.745591,1653.9,0,87,0.0,2019-07
CPER,40.815536,-104.745591,1653.9,0,39,0.0,2019-08
CPER,40.815536,-104.745591,1653.9,0,6,0.0,2019-09
CPER,40.815536,-104.745591,1653.9,0,3,0.0,2020-08
CPER,40.815536,-104.745591,1653.9,0,6,0.0,2021-06
CPER,40.815536,-104.745591,1653.9,0,60,0.0,2021-07
CPER,40.815536,-104.745591,1653.9,0,39,0.0,2021-08
CPER,40.815536,-104.745591,1653.9,0,6,0.0,2021-09
STER,40.461894,-103.02929,1364.6,0,9,0.0,2014-07
STER,40.461894,-103.02929,1364.6,0,27,0.0,2014-08
STER,40.461894,-103.02929,1364.6,62,92,0.4025974025974026,2014-09
STER,40.461894,-103.02929,1364.6,0,69,0.0,2016-06
STER,40.461894,-103.02929,1364.6,2,191,0.010362694300518135,2016-07
STER,40.461894,-103.02929,1364.6,0,21,0.0,2016-08
STER,40.461894,-103.02929,1364.6,0,12,0.0,2016-09
STER,40.461894,-103.02929,1364.6,0,12,0.0,2018-06
STER,40.461894,-103.02929,1364.6,4,37,0.0975609756097561,2018-07
STER,40.461894,-103.02929,1364.6,0,3,0.0,2018-08
STER,40.461894,-103.02929,1364.6,0,3,0.0,2019-06
STER,40.461894,-103.02929,1364.6,0,15,0.0,2019-07
STER,40.461894,-103.02929,1364.6,0,6,0.0,2019-08
STER,40.461894,-103.02929,1364.6,0,27,0.0,2021-06
STER,40.461894,-103.02929,1364.6,0,21,0.0,2021-07
STER,40.461894,-103.02929,1364.6,0,3,0.0,2021-08
STER,40.461894,-103.02929,1364.6,2,8,0.2,2021-09
CLBJ,33.40123,-97.57,272.3,0,72,0.0,2016-04
CLBJ,33.40123,-97.57,272.3,0,123,0.0,2016-05
CLBJ,33.40123,-97.57,272.3,0,309,0.0,2016-06
CLBJ,33.40123,-97.57,272.3,0,204,0.0,2016-07
CLBJ,33.40123,-97.57,272.3,0,282,0.0,2016-08
CLBJ,33.40123,-97.57,272.3,0,153,0.0,2016-09
CLBJ,33.40123,-97.57,272.3,0,96,0.0,2016-10
CLBJ,33.40123,-97.57,272.3,0,75,0.0,2016-11
CLBJ,33.40123,-97.57,272.3,0,15,0.0,2017-03
CLBJ,33.40123,-97.57,272.3,0,15,0.0,2017-04
CLBJ,33.40123,-97.57,272.3,0,30,0.0,2017-05
CLBJ,33.40123,-97.57,272.3,0,117,0.0,2017-06
CLBJ,33.40123,-97.57,272.3,0,51,0.0,2017-07
CLBJ,33.40123,-97.57,272.3,0,132,0.0,2017-08
CLBJ,33.40123,-97.57,272.3,0,60,0.0,2017-09
CLBJ,33.40123,-97.57,272.3,0,24,0.0,2017-10
CLBJ,33.40123,-97.57,272.3,0,105,0.0,2018-03
CLBJ,33.40123,-97.57,272.3,0,111,0.0,2018-04
CLBJ,33.40123,-97.57,272.3,0,36,0.0,2018-05
CLBJ,33.40123,-97.57,272.3,0,6,0.0,2018-06
CLBJ,33.40123,-97.57,272.3,0,18,0.0,2018-07
CLBJ,33.40123,-97.57,272.3,0,6,0.0,2018-08
CLBJ,33.40123,-97.57,272.3,0,18,0.0,2018-09
CLBJ,33.40123,-97.57,272.3,0,48,0.0,2018-10
CLBJ,33.40123,-97.57,272.3,0,30,0.0,2018-11
CLBJ,33.40123,-97.57,272.3,0,36,0.0,2019-04
CLBJ,33.40123,-97.57,272.3,0,69,0.0,2019-05
CLBJ,33.40123,-97.57,272.3,0,48,0.0,2019-06
CLBJ,33.40123,-97.57,272.3,0,21,0.0,2019-07
CLBJ,33.40123,-97.57,272.3,0,9,0.0,2019-08
CLBJ,33.40123,-97.57,272.3,0,9,0.0,2019-09
CLBJ,33.40123,-97.57,272.3,0,12,0.0,2021-05
CLBJ,33.40123,-97.57,272.3,0,90,0.0,2021-06
CLBJ,33.40123,-97.57,272.3,0,69,0.0,2021-07
CLBJ,33.40123,-97.57,272.3,0,108,0.0,2021-08
CLBJ,33.40123,-97.57,272.3,0,3,0.0,2021-09
CLBJ,33.40123,-97.57,272.3,0,27,0.0,2021-10
OAES,35.410599,-99.058779,518.9,0,48,0.0,2016-06
OAES,35.410599,-99.058779,518.9,0,6,0.0,2016-07
OAES,35.410599,-99.058779,518.9,0,39,0.0,2016-08
OAES,35.410599,-99.058779,518.9,0,69,0.0,2016-09
OAES,35.410599,-99.058779,518.9,0,63,0.0,2016-10
OAES,35.410599,-99.058779,518.9,0,9,0.0,2016-11
OAES,35.410599,-99.058779,518.9,0,54,0.0,2017-04
OAES,35.410599,-99.058779,518.9,0,15,0.0,2017-05
OAES,35.410599,-99.058779,518.9,0,9,0.0,2017-06
OAES,35.410599,-99.058779,518.9,0,6,0.0,2017-07
OAES,35.410599,-99.058779,518.9,0,30,0.0,2017-08
OAES,35.410599,-99.058779,518.9,0,105,0.0,2017-09
OAES,35.410599,-99.058779,518.9,0,24,0.0,2017-10
OAES,35.410599,-99.058779,518.9,0,3,0.0,2018-05
OAES,35.410599,-99.058779,518.9,0,12,0.0,2018-07
OAES,35.410599,-99.058779,518.9,0,9,0.0,2018-08
OAES,35.410599,-99.058779,518.9,2,35,0.05405405405405406,2018-09
OAES,35.410599,-99.058779,518.9,0,57,0.0,2018-10
OAES,35.410599,-99.058779,518.9,0,84,0.0,2019-05
OAES,35.410599,-99.058779,518.9,0,78,0.0,2019-06
OAES,35.410599,-99.058779,518.9,0,6,0.0,2019-07
OAES,35.410599,-99.058779,518.9,0,3,0.0,2019-08
OAES,35.410599,-99.058779,518.9,0,3,0.0,2019-09
OAES,35.410599,-99.058779,518.9,0,3,0.0,2019-10
OAES,35.410599,-99.058779,518.9,0,45,0.0,2021-07
OAES,35.410599,-99.058779,518.9,0,108,0.0,2021-08
OAES,35.410599,-99.058779,518.9,0,12,0.0,2021-09
OAES,35.410599,-99.058779,518.9,0,3,0.0,2021-10
YELL,44.95348,-110.53914,2132.6,0,12,0.0,2018-06
YELL,44.95348,-110.53914,2132.6,0,21,0.0,2018-07
YELL,44.95348,-110.53914,2132.6,0,15,0.0,2018-08
YELL,44.95348,-110.53914,2132.6,0,114,0.0,2019-07
YELL,44.95348,-110.53914,2132.6,0,12,0.0,2019-08
MOAB,38.248283,-109.388273,1798.8,0,3,0.0,2016-06
MOAB,38.248283,-109.388273,1798.8,0,9,0.0,2016-07
MOAB,38.248283,-109.388273,1798.8,0,39,0.0,2016-08
MOAB,38.248283,-109.388273,1798.8,0,3,0.0,2017-06
MOAB,38.248283,-109.388273,1798.8,0,3,0.0,2017-07
MOAB,38.248283,-109.388273,1798.8,6,39,0.13333333333333333,2017-08
MOAB,38.248283,-109.388273,1798.8,0,6,0.0,2019-06
MOAB,38.248283,-109.388273,1798.8,0,39,0.0,2019-07
MOAB,38.248283,-109.388273,1798.8,0,6,0.0,2019-08
MOAB,38.248283,-109.388273,1798.8,0,21,0.0,2021-08
MOAB,38.248283,-109.388273,1798.8,0,3,0.0,2021-09
NIWO,40.05425,-105.58237,3490.0,0,156,0.0,2017-06
NIWO,40.05425,-105.58237,3490.0,0,384,0.0,2017-07
NIWO,40.05425,-105.58237,3490.0,0,54,0.0,2017-08
NIWO,40.05425,-105.58237,3490.0,0,159,0.0,2018-06
NIWO,40.05425,-105.58237,3490.0,0,159,0.0,2018-07
NIWO,40.05425,-105.58237,3490.0,0,3,0.0,2018-08
NIWO,40.05425,-105.58237,3490.0,0,192,0.0,2019-07
NIWO,40.05425,-105.58237,3490.0,0,30,0.0,2019-08
JORN,32.590694,-106.842542,1323.5,0,3,0.0,2021-07
JORN,32.590694,-106.842542,1323.5,0,3,0.0,2021-08
JORN,32.590694,-106.842542,1323.5,0,15,0.0,2021-09
SRER,31.91068,-110.83549,997.5,0,81,0.0,2021-07
SRER,31.91068,-110.83549,997.5,0,96,0.0,2021-08
SRER,31.91068,-110.83549,997.5,0,18,0.0,2021-09
ONAQ,40.177599,-112.452452,1662.4,0,2,0.0,2014-07
ONAQ,40.177599,-112.452452,1662.4,0,1,0.0,2014-08
ONAQ,40.177599,-112.452452,1662.4,0,1,0.0,2014-09
ONAQ,40.177599,-112.452452,1662.4,0,126,0.0,2016-04
ONAQ,40.177599,-112.452452,1662.4,0,294,0.0,2016-05
ONAQ,40.177599,-112.452452,1662.4,0,18,0.0,2016-06
ONAQ,40.177599,-112.452452,1662.4,0,3,0.0,2017-03
ONAQ,40.177599,-112.452452,1662.4,0,12,0.0,2017-04
ONAQ,40.177599,-112.452452,1662.4,0,111,0.0,2017-05
ONAQ,40.177599,-112.452452,1662.4,0,15,0.0,2017-06
ONAQ,40.177599,-112.452452,1662.4,0,9,0.0,2017-07
ONAQ,40.177599,-112.452452,1662.4,0,12,0.0,2017-08
ONAQ,40.177599,-112.452452,1662.4,0,33,0.0,2018-05
ONAQ,40.177599,-112.452452,1662.4,0,36,0.0,2019-05
ONAQ,40.177599,-112.452452,1662.4,0,9,0.0,2019-06
ONAQ,40.177599,-112.452452,1662.4,0,60,0.0,2021-07
ONAQ,40.177599,-112.452452,1662.4,0,6,0.0,2021-09
TEAK,37.00583,-119.00602,2149.3,0,150,0.0,2019-07
TEAK,37.00583,-119.00602,2149.3,0,6,0.0,2019-08
BARR,71.28241,-156.61936,4.5,0,78,0.0,2017-07
BARR,71.28241,-156.61936,4.5,0,102,0.0,2018-07
TOOL,68.66109,-149.37047,832.1,0,180,0.0,2017-07
TOOL,68.66109,-149.37047,832.1,0,9,0.0,2017-08
TOOL,68.66109,-149.37047,832.1,0,9,0.0,2018-06
TOOL,68.66109,-149.37047,832.1,0,264,0.0,2018-07
TOOL,68.66109,-149.37047,832.1,0,15,0.0,2018-08
TOOL,68.66109,-149.37047,832.1,0,204,0.0,2019-06
TOOL,68.66109,-149.37047,832.1,0,378,0.0,2019-07
TOOL,68.66109,-149.37047,832.1,0,3,0.0,2019-08
BONA,65.15401,-147.50258,230.5,0,126,0.0,2017-06
BONA,65.15401,-147.50258,230.5,0,117,0.0,2017-07
BONA,65.15401,-147.50258,230.5,0,18,0.0,2017-08
BONA,65.15401,-147.50258,230.5,0,111,0.0,2018-05
BONA,65.15401,-147.50258,230.5,1,446,0.0022371364653243847,2018-06
BONA,65.15401,-147.50258,230.5,0,156,0.0,2018-07
BONA,65.15401,-147.50258,230.5,0,18,0.0,2018-08
BONA,65.15401,-147.50258,230.5,0,159,0.0,2019-05
BONA,65.15401,-147.50258,230.5,0,318,0.0,2019-06
BONA,65.15401,-147.50258,230.5,0,57,0.0,2019-07
BONA,65.15401,-147.50258,230.5,0,12,0.0,2019-08
BONA,65.15401,-147.50258,230.5,0,18,0.0,2019-09
BONA,65.15401,-147.50258,230.5,0,6,0.0,2020-07
BONA,65.15401,-147.50258,230.5,0,6,0.0,2020-08
BONA,65.15401,-147.50258,230.5,0,24,0.0,2021-04
BONA,65.15401,-147.50258,230.5,0,123,0.0,2021-05
BONA,65.15401,-147.50258,230.5,0,9,0.0,2021-06
BONA,65.15401,-147.50258,230.5,0,9,0.0,2021-07
BONA,65.15401,-147.50258,230.5,0,3,0.0,2021-08
DEJU,63.88112,-145.75136,517.4,0,12,0.0,2016-07
DEJU,63.88112,-145.75136,517.4,0,3,0.0,2016-08
DEJU,63.88112,-145.75136,517.4,0,78,0.0,2017-06
DEJU,63.88112,-145.75136,517.4,0,15,0.0,2017-07
DEJU,63.88112,-145.75136,517.4,0,3,0.0,2017-08
DEJU,63.88112,-145.75136,517.4,1,83,0.011904761904761904,2018-06
DEJU,63.88112,-145.75136,517.4,0,3,0.0,2018-07
DEJU,63.88112,-145.75136,517.4,0,66,0.0,2021-05
DEJU,63.88112,-145.75136,517.4,0,9,0.0,2021-07
HEAL,63.875798,-149.213347,677.1,0,102,0.0,2015-07
HEAL,63.875798,-149.213347,677.1,0,78,0.0,2015-08
HEAL,63.875798,-149.213347,677.1,0,537,0.0,2016-06
HEAL,63.875798,-149.213347,677.1,0,237,0.0,2016-07
HEAL,63.875798,-149.213347,677.1,0,57,0.0,2016-08
HEAL,63.875798,-149.213347,677.1,0,75,0.0,2017-06
HEAL,63.875798,-149.213347,677.1,0,66,0.0,2017-07
HEAL,63.875798,-149.213347,677.1,0,30,0.0,2017-08
HEAL,63.875798,-149.213347,677.1,0,24,0.0,2018-06
HEAL,63.875798,-149.213347,677.1,0,21,0.0,2018-07
HEAL,63.875798,-149.213347,677.1,0,3,0.0,2018-08
HEAL,63.875798,-149.213347,677.1,0,36,0.0,2019-06
HEAL,63.875798,-149.213347,677.1,0,69,0.0,2019-07
HEAL,63.875798,-149.213347,677.1,0,18,0.0,2019-08
HEAL,63.875798,-149.213347,677.1,0,3,0.0,2021-05
HEAL,63.875798,-149.213347,677.1,0,87,0.0,2021-06
HEAL,63.875798,-149.213347,677.1,0,9,0.0,2021-07
